,z,y,x1,x2,x3,x4,x5,x6,x7,x8,x9,x10,x11,x12,x13,x14,x15,x16
0,0.0,1.0,0.43134299698797923,-0.04211095006767516,-0.09366962680047256,-0.10325759592330275,-0.13690049711041088,-0.3932239417946963,-0.4335000959984543,4.617625679376434,-0.17382880769336284,0.8568519717233766,-0.41823158598603005,-0.20775343086932954,0.5085931257911402,0.5601247453539511,-0.41460166675753035,1.0839638594893517
1,1.0,1.0,0.7978085637585295,-0.21463121502479807,-0.09366962680047256,-0.10325759592330275,-0.17203885512118017,-0.40055936666456377,-0.4335000959984543,1.0662806860796348,-0.2124729362373099,0.8568519717233766,-0.41823158598603005,-0.20775343086932954,0.5085931257911402,0.5601247453539511,-0.41460166675753035,1.0839638594893517
2,1.0,1.0,1.2558905222217174,-0.21463121502479807,-0.13132054130215845,-0.10325759592330275,-0.17203885512118017,-0.40055936666456377,-0.4335000959984543,2.132081871078002,-0.19315087196533637,0.8568519717233766,-0.41823158598603005,-0.20775343086932954,0.5085931257911402,0.5601247453539511,-0.41460166675753035,1.0839638594893517
3,1.0,1.0,1.0726577388364422,-0.19546229669622886,-0.14387084613605375,-0.10325759592330275,-0.17203885512118017,-0.40055936666456377,-0.4335000959984543,3.694991817736056,-0.2124729362373099,0.8568519717233766,-0.41823158598603005,-0.20775343086932954,0.5085931257911402,0.5601247453539511,-0.41460166675753035,1.0839638594893517
4,0.0,1.0,0.9352331512974859,-0.21463121502479807,-0.09366962680047256,0.42999285488167854,-0.13690049711041088,-0.40055936666456377,-0.4335000959984543,1.7463254720300856,-0.17382880769336284,0.8568519717233766,-0.41823158598603005,-0.20775343086932954,0.5085931257911402,0.5601247453539511,-0.41460166675753035,1.0839638594893517
5,1.0,1.0,1.622356088992268,-0.118786623381952,-0.13132054130215845,0.42999285488167854,-0.13690049711041088,-0.40055936666456377,-0.4335000959984543,2.1758274421040547,-0.2124729362373099,0.8568519717233766,-0.41823158598603005,-0.20775343086932954,0.5085931257911402,0.5601247453539511,-0.41460166675753035,1.0839638594893517
6,0.0,1.0,0.5229593886806168,-0.21463121502479807,-0.09366962680047256,-0.10325759592330275,-0.13690049711041088,-0.3932239417946963,-0.4335000959984543,4.772723613014256,-0.1351846791494158,0.8568519717233766,-0.41823158598603005,-0.20775343086932954,0.5085931257911402,0.5601247453539511,-0.41460166675753035,1.0839638594893517
7,0.0,1.0,0.6145757803732543,-0.04211095006767516,-0.09366962680047256,-0.10325759592330275,-0.13690049711041088,-0.3932239417946963,-0.4335000959984543,1.587250668298986,-0.2124729362373099,0.8568519717233766,-0.41823158598603005,-0.20775343086932954,0.5085931257911402,0.5601247453539511,-0.41460166675753035,1.0839638594893517
8,1.0,1.0,0.5687675845269355,-0.04211095006767516,-0.13132054130215845,-0.10325759592330275,-0.17203885512118017,-0.3932239417946963,-0.4335000959984543,1.0901419066392997,-0.19315087196533637,0.8568519717233766,-0.41823158598603005,-0.20775343086932954,0.5085931257911402,0.5601247453539511,-0.41460166675753035,1.0839638594893517
9,1.0,1.0,0.8436167596048483,-0.1379555417105212,-0.09366962680047256,-0.10325759592330275,-0.17203885512118017,-0.40055936666456377,-0.4335000959984543,4.748862392454591,-0.11586261487744226,0.8568519717233766,-0.41823158598603005,-0.20775343086932954,0.5085931257911402,0.5601247453539511,-0.41460166675753035,1.0839638594893517
10,1.0,1.0,1.118465934682761,-0.0996177050533828,-0.16897145580384434,-0.10325759592330275,-0.13690049711041088,-0.3932239417946963,-0.4335000959984543,2.6649824635771857,-0.2124729362373099,0.8568519717233766,-0.41823158598603005,-0.20775343086932954,0.5085931257911402,0.5601247453539511,-0.41460166675753035,1.0839638594893517
11,1.0,1.0,1.5307396972996303,-0.0996177050533828,-0.14387084613605375,0.42999285488167854,-0.13690049711041088,-0.40055936666456377,-0.4335000959984543,1.2014942692510693,-0.17382880769336284,0.8568519717233766,-0.41823158598603005,-0.20775343086932954,0.5085931257911402,0.5601247453539511,-0.41460166675753035,1.0839638594893517
12,1.0,1.0,0.5229593886806168,-0.21463121502479807,-0.13132054130215845,-0.10325759592330275,-0.17203885512118017,-0.40055936666456377,-0.4335000959984543,2.9791552009461078,-0.2124729362373099,0.8568519717233766,-0.41823158598603005,-0.20775343086932954,0.5085931257911402,0.5601247453539511,-0.41460166675753035,1.0839638594893517
13,1.0,1.0,1.118465934682761,-0.19546229669622886,-0.14387084613605375,-0.10325759592330275,-0.13690049711041088,-0.40055936666456377,-0.4335000959984543,2.569537581338526,-0.1351846791494158,0.8568519717233766,-0.41823158598603005,-0.20775343086932954,0.5085931257911402,0.5601247453539511,-0.41460166675753035,1.0839638594893517
14,0.0,1.0,0.43134299698797923,-0.21463121502479807,-0.09366962680047256,-0.10325759592330275,-0.17203885512118017,-0.40055936666456377,-0.4335000959984543,4.808515443853754,-0.15450674342138931,0.8568519717233766,-0.41823158598603005,-0.20775343086932954,0.5085931257911402,0.5601247453539511,-0.41460166675753035,1.0839638594893517
15,0.0,1.0,0.43134299698797923,-0.04211095006767516,-0.10621993163436785,-0.10325759592330275,-0.13690049711041088,-0.40055936666456377,-0.4335000959984543,1.2929622813964516,-0.1351846791494158,0.8568519717233766,-0.41823158598603005,-0.20775343086932954,0.5085931257911402,0.5601247453539511,-0.41460166675753035,1.0839638594893517
16,1.0,1.0,0.477151192834298,-0.04211095006767516,-0.10621993163436785,-0.10325759592330275,-0.13690049711041088,-0.40055936666456377,-0.4335000959984543,2.307064155182212,-0.2124729362373099,0.8568519717233766,-0.41823158598603005,-0.20775343086932954,0.5085931257911402,0.5601247453539511,-0.41460166675753035,1.082401598871469
17,1.0,1.0,0.7061921720658919,-0.0996177050533828,-0.14387084613605375,0.42999285488167854,-0.13690049711041088,-0.3932239417946963,-0.4335000959984543,1.8537009645485778,-0.19315087196533637,0.8568519717233766,-0.41823158598603005,-0.20775343086932954,0.5085931257911402,0.5601247453539511,-0.41460166675753035,1.082401598871469
18,0.0,1.0,0.6145757803732543,-0.04211095006767516,-0.09366962680047256,-0.10325759592330275,-0.13690049711041088,-0.40055936666456377,-0.4335000959984543,2.7246355149763484,-0.2124729362373099,0.8568519717233766,-0.41823158598603005,-0.20775343086932954,0.5085931257911402,0.5601247453539511,-0.41460166675753035,1.082401598871469
19,0.0,1.0,0.6145757803732543,-0.21463121502479807,-0.09366962680047256,-0.10325759592330275,-0.13690049711041088,-0.40055936666456377,-0.4335000959984543,1.555435707552766,-0.2124729362373099,0.8568519717233766,-0.41823158598603005,-0.20775343086932954,0.5085931257911402,0.5601247453539511,-0.41460166675753035,1.082401598871469
20,0.0,1.0,1.118465934682761,-0.21463121502479807,-0.09366962680047256,-0.10325759592330275,-0.17203885512118017,-0.40055936666456377,-0.4335000959984543,1.5037363963401587,-0.2124729362373099,0.8568519717233766,-0.41823158598603005,-0.20775343086932954,0.5085931257911402,0.5601247453539511,-0.41460166675753035,1.082401598871469
21,1.0,1.0,1.5307396972996303,-0.08044878672481358,-0.13132054130215845,-0.10325759592330275,-0.13690049711041088,-0.40055936666456377,-0.4335000959984543,2.812126657028453,-0.05789642206152168,0.8568519717233766,-0.41823158598603005,-0.20775343086932954,0.5085931257911402,0.5601247453539511,-0.41460166675753035,1.082401598871469
22,1.0,1.0,0.7061921720658919,-0.0996177050533828,-0.14387084613605375,0.42999285488167854,-0.17203885512118017,-0.40055936666456377,-0.4335000959984543,4.204031189675574,-0.19315087196533637,0.8568519717233766,-0.41823158598603005,-0.20775343086932954,0.5085931257911402,0.5601247453539511,-0.41460166675753035,1.082401598871469
23,1.0,1.0,0.477151192834298,-0.15712446003909042,-0.15642115096994905,-0.10325759592330275,-0.13690049711041088,-0.3932239417946963,-0.4300640827409445,2.271272324342714,-0.2124729362373099,0.8568519717233766,-0.41823158598603005,-0.20775343086932954,0.5085931257911402,0.5601247453539511,-0.41460166675753035,1.082401598871469
24,1.0,1.0,0.43134299698797923,-0.21463121502479807,-0.13132054130215845,0.42999285488167854,-0.13690049711041088,-0.3932239417946963,-0.4335000959984543,4.072794476597418,-0.2124729362373099,0.8568519717233766,-0.41823158598603005,-0.20775343086932954,0.5085931257911402,0.5601247453539511,-0.41460166675753035,1.082401598871469
25,1.0,1.0,1.2100823263753986,-0.21463121502479807,-0.09366962680047256,-0.10325759592330275,-0.1544696761157955,-0.39689165422963,-0.4335000959984543,4.390944084059617,-0.19315087196533637,0.8568519717233766,-0.41823158598603005,-0.20775343086932954,0.5085931257911402,0.5601247453539511,-0.41460166675753035,1.082401598871469
26,1.0,1.0,0.6603839762195731,-0.0996177050533828,-0.09366962680047256,-0.10325759592330275,-0.13690049711041088,-0.40055936666456377,-0.4335000959984543,3.0109701616923275,-0.19315087196533637,0.8568519717233766,-0.41823158598603005,-0.20775343086932954,0.5085931257911402,0.5601247453539511,-0.41460166675753035,1.082401598871469
27,1.0,1.0,1.2100823263753986,-0.19546229669622886,-0.08111932196657726,0.42999285488167854,-0.17203885512118017,-0.40055936666456377,-0.4300640827409445,2.4900001794729762,0.019391835026372418,0.8568519717233766,-0.41823158598603005,-0.20775343086932954,0.5085931257911402,0.5601247453539511,-0.41460166675753035,1.082401598871469
28,1.0,1.0,1.5307396972996303,-0.0996177050533828,-0.13132054130215845,-0.10325759592330275,-0.13690049711041088,-0.3932239417946963,-0.4335000959984543,3.0905075635578774,-0.17382880769336284,0.8568519717233766,-0.41823158598603005,-0.20775343086932954,0.5085931257911402,0.5601247453539511,-0.41460166675753035,1.082401598871469
29,1.0,1.0,0.6603839762195731,-0.04211095006767516,-0.09366962680047256,-0.10325759592330275,-0.1544696761157955,-0.39689165422963,-0.4335000959984543,5.774894876520183,-0.19315087196533637,0.8568519717233766,-0.41823158598603005,-0.20775343086932954,0.5085931257911402,0.5601247453539511,-0.41460166675753035,1.082401598871469
30,1.0,1.0,0.6145757803732543,-0.21463121502479807,-0.13132054130215845,-0.10325759592330275,-0.13690049711041088,-0.40055936666456377,-0.4335000959984543,5.472652749431094,-0.2124729362373099,0.8568519717233766,-0.41823158598603005,-0.20775343086932954,0.5085931257911402,0.5601247453539511,-0.41460166675753035,1.0820110337169986
31,1.0,1.0,1.3933151097606737,-0.1379555417105212,-0.09366962680047256,-0.10325759592330275,-0.17203885512118017,-0.40055936666456377,-0.4335000959984543,2.05652133930573,-0.19315087196533637,0.8568519717233766,-0.41823158598603005,-0.20775343086932954,0.5085931257911402,0.5601247453539511,-0.41460166675753035,1.0820110337169986
32,1.0,1.0,1.4391233056069925,-0.19546229669622886,-0.16897145580384434,-0.10325759592330275,-0.17203885512118017,-0.40055936666456377,-0.4300640827409445,16.19429452090721,-0.17382880769336284,0.8568519717233766,-0.41823158598603005,-0.20775343086932954,0.5085931257911402,0.5601247453539511,-0.41460166675753035,1.0820110337169986
33,1.0,1.0,0.43134299698797923,-0.04211095006767516,-0.13132054130215845,-0.10325759592330275,-0.17203885512118017,-0.40055936666456377,-0.4335000959984543,3.1262993943973747,-0.19315087196533637,0.8568519717233766,-0.41823158598603005,-0.20775343086932954,0.5085931257911402,0.5601247453539511,-0.41460166675753035,1.0820110337169986
34,0.0,1.0,1.2100823263753986,-0.08044878672481358,-0.13132054130215845,0.42999285488167854,-0.17203885512118017,-0.40055936666456377,-0.4335000959984543,2.752473605629291,-0.11586261487744226,0.8568519717233766,-0.41823158598603005,-0.20775343086932954,0.5085931257911402,0.5601247453539511,-0.41460166675753035,1.0820110337169986
35,1.0,1.0,0.7520003679122107,-0.21463121502479807,-0.09366962680047256,-0.10325759592330275,-0.17203885512118017,-0.3932239417946963,-0.4335000959984543,5.480606489617649,-0.17382880769336284,0.8568519717233766,-0.41823158598603005,-0.20775343086932954,0.5085931257911402,0.5601247453539511,-0.41460166675753035,1.0820110337169986
36,0.0,1.0,0.38553480114166044,-0.21463121502479807,-0.13132054130215845,-0.10325759592330275,-0.13690049711041088,-0.40055936666456377,-0.4335000959984543,2.6291906327376884,-0.17382880769336284,0.8568519717233766,-0.41823158598603005,-0.20775343086932954,0.5085931257911402,0.5601247453539511,-0.41460166675753035,1.0820110337169986
37,1.0,1.0,0.5687675845269355,-0.04211095006767516,-0.10621993163436785,-0.10325759592330275,-0.1544696761157955,-0.39689165422963,-0.4335000959984543,3.257536107475532,-0.19315087196533637,0.8568519717233766,-0.41823158598603005,-0.20775343086932954,0.5085931257911402,0.5601247453539511,-0.41460166675753035,1.0820110337169986
38,0.0,1.0,1.3016987180680362,-0.21463121502479807,-0.09366962680047256,-0.10325759592330275,-0.17203885512118017,-0.40055936666456377,-0.4335000959984543,5.587981982136141,-0.2124729362373099,0.8568519717233766,-0.41823158598603005,-0.20775343086932954,0.5085931257911402,0.5601247453539511,-0.41460166675753035,1.0820110337169986
39,1.0,1.0,1.622356088992268,-0.0996177050533828,-0.14387084613605375,-0.10325759592330275,-0.13690049711041088,-0.40055936666456377,-0.4335000959984543,2.649074983204076,-0.1351846791494158,0.8568519717233766,-0.41823158598603005,-0.20775343086932954,0.5085931257911402,0.5601247453539511,-0.41460166675753035,1.0820110337169986
40,0.0,1.0,0.5687675845269355,-0.21463121502479807,-0.09366962680047256,-0.10325759592330275,-0.13690049711041088,-0.40055936666456377,-0.4335000959984543,2.2235498832233844,-0.15450674342138931,0.8568519717233766,-0.41823158598603005,-0.20775343086932954,0.5085931257911402,0.5601247453539511,-0.41460166675753035,1.0820110337169986
41,1.0,1.0,1.3016987180680362,-0.19546229669622886,-0.14387084613605375,0.42999285488167854,-0.13690049711041088,-0.40055936666456377,-0.4335000959984543,6.960002164316876,-0.17382880769336284,0.8568519717233766,-0.41823158598603005,-0.20775343086932954,0.5085931257911402,0.5601247453539511,-0.41460166675753035,1.0820110337169986
42,0.0,1.0,1.5307396972996303,-0.04211095006767516,-0.10621993163436785,0.42999285488167854,-0.13690049711041088,-0.40055936666456377,-0.4335000959984543,3.937580893425983,-0.2124729362373099,0.8568519717233766,-0.41823158598603005,-0.20775343086932954,0.5085931257911402,0.5601247453539511,-0.41460166675753035,1.0820110337169986
43,1.0,1.0,0.9352331512974859,-0.21463121502479807,-0.09366962680047256,0.42999285488167854,-0.13690049711041088,-0.40055936666456377,-0.4335000959984543,1.8139322636158028,-0.019252293517574633,0.8568519717233766,-0.41823158598603005,-0.20775343086932954,0.5085931257911402,0.5601247453539511,-0.41460166675753035,1.081620468562528
44,0.0,1.0,0.43134299698797923,-0.04211095006767516,-0.09366962680047256,-0.10325759592330275,-0.13690049711041088,-0.40055936666456377,-0.4335000959984543,3.3887728205536893,-0.17382880769336284,0.8568519717233766,-0.41823158598603005,-0.20775343086932954,0.5085931257911402,0.5601247453539511,-0.41460166675753035,1.081620468562528
45,1.0,1.0,0.38553480114166044,-0.04211095006767516,-0.10621993163436785,-0.10325759592330275,-0.13690049711041088,-0.40055936666456377,-0.4335000959984543,3.3330966392478043,-0.19315087196533637,0.8568519717233766,-0.41823158598603005,-0.20775343086932954,0.5085931257911402,0.5601247453539511,-0.41460166675753035,1.081620468562528
46,1.0,1.0,0.7520003679122107,-0.04211095006767516,-0.09366962680047256,-0.10325759592330275,-0.17203885512118017,-0.40055936666456377,-0.4335000959984543,2.3428559860217093,-0.2124729362373099,0.8568519717233766,-0.41823158598603005,-0.20775343086932954,0.5085931257911402,0.5601247453539511,-0.41460166675753035,1.081620468562528
47,1.0,1.0,0.7520003679122107,-0.21463121502479807,-0.09366962680047256,0.42999285488167854,-0.17203885512118017,-0.40055936666456377,-0.4335000959984543,1.6230424991384833,-0.2124729362373099,0.8568519717233766,-0.41823158598603005,-0.20775343086932954,0.5085931257911402,0.5601247453539511,-0.41460166675753035,1.081620468562528
48,1.0,1.0,1.0726577388364422,-0.21463121502479807,-0.14387084613605375,0.42999285488167854,-0.13690049711041088,-0.3932239417946963,-0.4335000959984543,1.2929622813964516,-0.11586261487744226,0.8568519717233766,-0.41823158598603005,-0.20775343086932954,0.5085931257911402,0.5601247453539511,-0.41460166675753035,1.081620468562528
49,1.0,1.0,0.9810413471438046,-0.15712446003909042,-0.09366962680047256,-0.10325759592330275,-0.13690049711041088,-0.3932239417946963,-0.4335000959984543,8.928552860489233,-0.17382880769336284,0.8568519717233766,-0.41823158598603005,-0.20775343086932954,0.5085931257911402,0.5601247453539511,-0.41460166675753035,1.081620468562528
50,1.0,1.0,0.7978085637585295,-0.21463121502479807,-0.09366962680047256,-0.10325759592330275,-0.17203885512118017,-0.40055936666456377,-0.4335000959984543,3.9733727242654804,-0.17382880769336284,0.8568519717233766,-0.41823158598603005,-0.20775343086932954,0.5085931257911402,0.5601247453539511,-0.41460166675753035,1.081620468562528
51,0.0,1.0,0.43134299698797923,-0.21463121502479807,-0.09366962680047256,-0.10325759592330275,-0.13690049711041088,-0.40055936666456377,-0.4335000959984543,3.905765932679763,-0.019252293517574633,0.8568519717233766,-0.41823158598603005,-0.20775343086932954,0.5085931257911402,0.5601247453539511,-0.41460166675753035,1.081620468562528
52,1.0,1.0,0.9810413471438046,-0.02294203173910594,-0.08111932196657726,-0.10325759592330275,-0.17203885512118017,-0.40055936666456377,-0.4335000959984543,0.19136926555858666,-0.15450674342138931,0.8568519717233766,-0.41823158598603005,-0.20775343086932954,-1.792944680103813,0.540611996133622,-0.34562979789315534,-0.51149479652318
53,0.0,1.0,1.4391233056069925,-0.118786623381952,-0.09366962680047256,-0.10325759592330275,-0.13690049711041088,-0.3932239417946963,-0.4335000959984543,0.11183186369303684,-0.19315087196533637,-1.2754405030258327,-0.4147384864930746,-0.1830241400242553,-1.792944680103813,0.540611996133622,-0.34562979789315534,-0.51149479652318
54,1.0,1.0,0.5229593886806168,-0.04211095006767516,-0.09366962680047256,-0.10325759592330275,-0.17203885512118017,-0.3932239417946963,-0.4335000959984543,3.3728653401805793,-0.15450674342138931,0.8568519717233766,-0.41823158598603005,-0.20775343086932954,-1.792944680103813,0.540611996133622,-0.34562979789315534,-0.51149479652318
55,0.0,1.0,1.4391233056069925,-0.118786623381952,-0.09366962680047256,-0.10325759592330275,-0.17203885512118017,-0.40055936666456377,-0.4335000959984543,1.1935405290645145,-0.2124729362373099,-1.2518674203904143,-0.4147384864930746,-0.1830241400242553,-1.792944680103813,0.540611996133622,-0.34562979789315534,-0.51149479652318
56,0.0,1.0,0.1564938219100665,-0.061279868396244365,-0.13132054130215845,-0.10325759592330275,-0.17203885512118017,-0.40055936666456377,-0.4335000959984543,0.907205882348535,-0.2124729362373099,0.8568519717233766,-0.41823158598603005,-0.20775343086932954,-1.792944680103813,0.540611996133622,-0.34562979789315534,-0.51149479652318
57,0.0,1.0,1.5307396972996303,-0.21463121502479807,-0.13132054130215845,-0.10325759592330275,-0.13690049711041088,-0.40055936666456377,-0.4335000959984543,0.01638698145437707,-0.19315087196533637,-1.2754405030258327,-0.4147384864930746,-0.1830241400242553,-1.792944680103813,0.540611996133622,-0.34562979789315534,-0.51149479652318
58,1.0,1.0,2.446903614226006,-0.118786623381952,-0.13132054130215845,-0.10325759592330275,-0.13690049711041088,-0.40055936666456377,-0.4335000959984543,5.269832374673943,-0.2124729362373099,0.8568519717233766,-0.4147384864930746,-0.2324827217144038,-1.792944680103813,0.540611996133622,-0.34562979789315534,-0.51149479652318
59,1.0,1.0,0.9810413471438046,-0.02294203173910594,-0.08111932196657726,-0.10325759592330275,-0.13690049711041088,-0.3932239417946963,-0.4335000959984543,0.48963452255439843,-0.15450674342138931,-1.2754405030258327,-0.41124538700011914,-0.1830241400242553,-1.792944680103813,0.540611996133622,-0.34562979789315534,-0.51149479652318
60,0.0,1.0,0.477151192834298,-0.04211095006767516,-0.10621993163436785,-0.10325759592330275,-0.13690049711041088,-0.40055936666456377,-0.4335000959984543,0.728246728151048,-0.19315087196533637,0.8568519717233766,-0.4147384864930746,-0.2324827217144038,-1.792944680103813,0.540611996133622,-0.34562979789315534,-0.51149479652318
61,0.0,1.0,0.6603839762195731,-0.21463121502479807,-0.09366962680047256,-0.10325759592330275,-0.13690049711041088,-0.40055936666456377,-0.4300640827409445,0.8395990907628177,-0.2124729362373099,0.8568519717233766,-0.41823158598603005,-0.20775343086932954,-1.792944680103813,0.540611996133622,-0.34562979789315534,-0.51149479652318
62,0.0,1.0,0.2023020177563853,-0.04211095006767516,-0.09366962680047256,-0.10325759592330275,-0.13690049711041088,-0.40055936666456377,-0.4300640827409445,0.5134957431140634,-0.2124729362373099,0.8568519717233766,-0.41823158598603005,-0.20775343086932954,-1.792944680103813,0.540611996133622,-0.34562979789315534,-0.51149479652318
63,1.0,1.0,1.0726577388364422,-0.21463121502479807,-0.09366962680047256,-0.10325759592330275,-0.13690049711041088,-0.40055936666456377,-0.4335000959984543,0.5055420029275084,-0.19315087196533637,0.8568519717233766,-0.41823158598603005,-0.20775343086932954,-1.792944680103813,0.540611996133622,-0.34562979789315534,-0.51149479652318
64,1.0,1.0,2.5385200059186435,-0.118786623381952,-0.16897145580384434,-0.10325759592330275,-0.13690049711041088,-0.40055936666456377,-0.4335000959984543,1.6826955505376457,-0.2124729362373099,0.8568519717233766,-0.41823158598603005,-0.20775343086932954,-1.792944680103813,0.540611996133622,-0.34562979789315534,-0.51149479652318
65,0.0,1.0,0.33972660529534165,-0.21463121502479807,-0.09366962680047256,-0.10325759592330275,-0.17203885512118017,-0.40055936666456377,-0.4335000959984543,1.4401064748477188,-0.1351846791494158,0.8568519717233766,-0.41823158598603005,-0.20775343086932954,-1.792944680103813,0.540611996133622,-0.34562979789315534,-0.5154004480678862
66,0.0,1.0,0.1106856260637477,-0.061279868396244365,-0.13132054130215845,-0.10325759592330275,-0.13690049711041088,-0.40055936666456377,-0.4335000959984543,2.6132831523645788,-0.17382880769336284,-1.2518674203904143,-0.4077522875071637,-0.2324827217144038,-1.792944680103813,0.540611996133622,-0.34562979789315534,-0.5154004480678862
67,1.0,1.0,0.7061921720658919,-0.02294203173910594,-0.09366962680047256,-0.10325759592330275,-0.17203885512118017,-0.40055936666456377,-0.4335000959984543,0.3782821599426287,-0.2124729362373099,0.8568519717233766,-0.41823158598603005,-0.20775343086932954,-1.792944680103813,0.540611996133622,-0.34562979789315534,-0.5154004480678862
68,0.0,1.0,0.06487743021742892,-0.061279868396244365,-0.13132054130215845,-0.10325759592330275,-0.13690049711041088,-0.40055936666456377,-0.4335000959984543,1.1855867888779594,-0.19315087196533637,0.8568519717233766,-0.41823158598603005,-0.20775343086932954,-1.792944680103813,0.540611996133622,-0.34562979789315534,-0.5154004480678862
69,0.0,1.0,0.38553480114166044,-0.21463121502479807,-0.09366962680047256,-0.10325759592330275,-0.13690049711041088,-0.3932239417946963,-0.4335000959984543,0.5055420029275084,-0.17382880769336284,-1.2775835105381435,-0.4147384864930746,-0.1830241400242553,-1.792944680103813,0.540611996133622,-0.34562979789315534,-0.5154004480678862
70,1.0,1.0,0.477151192834298,-0.19546229669622886,-0.10621993163436785,-0.10325759592330275,-0.17203885512118017,-0.40055936666456377,-0.4335000959984543,1.141841217851907,-0.2124729362373099,0.8568519717233766,-0.41823158598603005,-0.20775343086932954,-1.792944680103813,0.540611996133622,-0.34562979789315534,-0.5154004480678862
71,0.0,1.0,0.43134299698797923,-0.08044878672481358,-0.13132054130215845,-0.10325759592330275,-0.13690049711041088,-0.40055936666456377,-0.4335000959984543,0.08399377304009441,-0.19315087196533637,0.8568519717233766,-0.41823158598603005,-0.20775343086932954,-1.792944680103813,0.540611996133622,-0.34562979789315534,-0.5154004480678862
72,1.0,1.0,0.8436167596048483,-0.21463121502479807,-0.13132054130215845,-0.10325759592330275,-0.17203885512118017,-0.40055936666456377,-0.4335000959984543,0.7481310786174354,-0.19315087196533637,-1.2754405030258327,-0.4147384864930746,-0.1830241400242553,-1.792944680103813,0.540611996133622,-0.34562979789315534,-0.5154004480678862
73,0.0,1.0,0.5229593886806168,-0.19546229669622886,-0.14387084613605375,-0.10325759592330275,-0.13690049711041088,-0.40055936666456377,-0.4335000959984543,0.6168943655392782,-0.2124729362373099,0.8568519717233766,-0.41823158598603005,-0.20775343086932954,-1.792944680103813,0.540611996133622,-0.34562979789315534,-0.5154004480678862
74,1.0,1.0,1.1642741305290798,-0.21463121502479807,-0.09366962680047256,-0.10325759592330275,-0.13690049711041088,-0.40055936666456377,-0.4335000959984543,1.0821881664527446,-0.2124729362373099,0.8568519717233766,-0.4147384864930746,-0.2324827217144038,-1.792944680103813,0.540611996133622,-0.34562979789315534,-0.5154004480678862
75,1.0,1.0,0.8436167596048483,-0.02294203173910594,-0.13132054130215845,-0.10325759592330275,-0.17203885512118017,-0.40055936666456377,-0.4335000959984543,0.258976057144304,-0.17382880769336284,0.8568519717233766,-0.41823158598603005,-0.20775343086932954,-1.792944680103813,0.540611996133622,-0.34562979789315534,-0.5154004480678862
76,1.0,1.0,1.1642741305290798,-0.04211095006767516,-0.15642115096994905,-0.10325759592330275,-0.13690049711041088,-0.40055936666456377,-0.4335000959984543,1.3406847225157816,-0.15450674342138931,0.8568519717233766,-0.41823158598603005,-0.20775343086932954,-1.792944680103813,0.540611996133622,-0.34562979789315534,-0.5154004480678862
77,0.0,1.0,0.06487743021742892,-0.061279868396244365,-0.15642115096994905,-0.10325759592330275,-0.13690049711041088,-0.40055936666456377,-0.4335000959984543,0.6606399365653306,-0.19315087196533637,-1.2754405030258327,-0.41124538700011914,-0.1830241400242553,-1.792944680103813,0.540611996133622,-0.34562979789315534,-0.5154004480678862
78,1.0,1.0,0.7061921720658919,-0.08044878672481358,-0.13132054130215845,-0.10325759592330275,-0.13690049711041088,-0.3932239417946963,-0.4335000959984543,0.3981665104090162,-0.19315087196533637,0.8568519717233766,-0.4147384864930746,-0.2324827217144038,-1.792944680103813,0.540611996133622,-0.34562979789315534,-0.5154004480678862
79,1.0,1.0,0.8894249554511671,-0.21463121502479807,-0.13132054130215845,-0.10325759592330275,-0.17203885512118017,-0.40055936666456377,-0.4335000959984543,1.3923840337283888,-0.19315087196533637,0.8568519717233766,-0.41823158598603005,-0.20775343086932954,-1.792944680103813,0.540611996133622,-0.34562979789315534,-0.5154004480678862
80,1.0,1.0,2.446903614226006,-0.118786623381952,-0.10621993163436785,-0.10325759592330275,-0.13690049711041088,-0.40055936666456377,-0.4335000959984543,0.3066984982636339,-0.17382880769336284,0.8568519717233766,-0.4147384864930746,-0.2324827217144038,-1.792944680103813,0.540611996133622,-0.34562979789315534,-0.5154004480678862
81,1.0,1.0,0.5687675845269355,-0.08044878672481358,-0.13132054130215845,-0.10325759592330275,-0.17203885512118017,-0.40055936666456377,-0.4335000959984543,2.430347128073814,-0.2124729362373099,0.8568519717233766,-0.41823158598603005,-0.20775343086932954,-1.792944680103813,0.540611996133622,-0.34562979789315534,-0.5154004480678862
82,1.0,1.0,0.8436167596048483,-0.19546229669622886,-0.15642115096994905,-0.10325759592330275,-0.17203885512118017,-0.40055936666456377,-0.4335000959984543,0.7680154290838229,-0.19315087196533637,-1.2775835105381435,-0.4147384864930746,-0.1830241400242553,-1.792944680103813,0.540611996133622,-0.34562979789315534,-0.5154004480678862
83,0.0,1.0,1.6681642848385867,-0.21463121502479807,-0.13132054130215845,-0.10325759592330275,-0.13690049711041088,-0.40055936666456377,-0.4335000959984543,1.4003377739149439,-0.2124729362373099,0.8568519717233766,-0.41823158598603005,-0.20775343086932954,-1.792944680103813,0.540611996133622,-0.34562979789315534,-0.5154004480678862
84,1.0,1.0,0.7061921720658919,-0.1379555417105212,-0.15642115096994905,-0.10325759592330275,-0.13690049711041088,-0.3932239417946963,-0.4335000959984543,0.9032290122552575,-0.17382880769336284,0.8568519717233766,-0.41823158598603005,-0.20775343086932954,-1.792944680103813,0.540611996133622,-0.34562979789315534,-0.5154004480678862
85,0.0,1.0,0.7520003679122107,-0.21463121502479807,-0.09366962680047256,-0.10325759592330275,-0.17203885512118017,-0.40055936666456377,-0.4335000959984543,0.8038072599233202,-0.17382880769336284,-1.2647254654642788,-0.4147384864930746,-0.1830241400242553,-1.792944680103813,0.540611996133622,-0.34562979789315534,-0.5239928814662401
86,1.0,1.0,2.0804380474554556,-0.118786623381952,-0.15642115096994905,-0.10325759592330275,-0.13690049711041088,-0.40055936666456377,-0.4335000959984543,0.5572413141401159,-0.2124729362373099,0.8568519717233766,-0.41823158598603005,-0.20775343086932954,-1.792944680103813,0.540611996133622,-0.34562979789315534,-0.5239928814662401
87,0.0,1.0,0.7061921720658919,-0.04211095006767516,-0.10621993163436785,-0.10325759592330275,-0.13690049711041088,-0.40055936666456377,-0.4335000959984543,1.3804534234485564,-0.2124729362373099,0.8568519717233766,-0.41823158598603005,-0.20775343086932954,-1.792944680103813,0.540611996133622,-0.34562979789315534,-0.5239928814662401
88,0.0,1.0,0.6145757803732543,-0.21463121502479807,-0.09366962680047256,-0.10325759592330275,-0.13690049711041088,-0.40055936666456377,-0.4335000959984543,0.9946970244006398,-0.11586261487744226,-1.2775835105381435,-0.4147384864930746,-0.1830241400242553,-1.792944680103813,0.540611996133622,-0.34562979789315534,-0.5239928814662401
89,0.0,1.0,0.6603839762195731,-0.19546229669622886,-0.13132054130215845,-0.10325759592330275,-0.17203885512118017,-0.40055936666456377,-0.4335000959984543,0.09592438331992688,-0.2124729362373099,-1.2775835105381435,-0.4147384864930746,-0.1830241400242553,-1.792944680103813,0.540611996133622,-0.34562979789315534,-0.5239928814662401
90,0.0,1.0,0.5229593886806168,-0.1379555417105212,-0.09366962680047256,-0.10325759592330275,-0.17203885512118017,-0.40055936666456377,-0.4335000959984543,0.0879706431333719,-0.2124729362373099,-1.2775835105381435,-0.41124538700011914,-0.1830241400242553,-1.792944680103813,0.540611996133622,-0.34562979789315534,-0.5239928814662401
91,0.0,1.0,2.3094790266870495,-0.118786623381952,-0.09366962680047256,-0.10325759592330275,-0.13690049711041088,-0.40055936666456377,-0.4335000959984543,0.3583978094762413,-0.2124729362373099,-1.2711544880012111,-0.41124538700011914,-0.2324827217144038,-1.792944680103813,0.540611996133622,-0.34562979789315534,-0.5239928814662401
92,0.0,1.0,0.1564938219100665,-0.21463121502479807,-0.09366962680047256,-0.10325759592330275,-0.13690049711041088,-0.40055936666456377,-0.4335000959984543,0.12376247397286931,-0.2124729362373099,0.8568519717233766,-0.41823158598603005,-0.20775343086932954,-1.792944680103813,0.540611996133622,-0.34562979789315534,-0.5239928814662401
93,0.0,1.0,0.2023020177563853,-0.061279868396244365,-0.09366962680047256,-0.10325759592330275,-0.17203885512118017,-0.40055936666456377,-0.4335000959984543,0.22716109639808407,-0.2124729362373099,0.8568519717233766,-0.41823158598603005,-0.20775343086932954,-1.792944680103813,0.540611996133622,-0.34562979789315534,-0.5239928814662401
94,0.0,1.0,0.33972660529534165,-0.04211095006767516,-0.10621993163436785,-0.10325759592330275,-0.13690049711041088,-0.40055936666456377,-0.4335000959984543,-0.2540401848884923,-0.19315087196533637,-1.2775835105381435,-0.4147384864930746,-0.1830241400242553,-1.792944680103813,0.540611996133622,-0.34562979789315534,-0.5239928814662401
95,0.0,1.0,0.33972660529534165,-0.04211095006767516,-0.10621993163436785,-0.10325759592330275,-0.13690049711041088,-0.40055936666456377,-0.4335000959984543,-0.19438713348932993,-0.17382880769336284,0.8568519717233766,-0.41823158598603005,-0.20775343086932954,-1.792944680103813,0.540611996133622,-0.34562979789315534,-0.5239928814662401
96,0.0,1.0,0.6145757803732543,-0.04211095006767516,-0.08111932196657726,-0.10325759592330275,-0.13690049711041088,-0.40055936666456377,-0.4335000959984543,0.7680154290838229,-0.19315087196533637,-1.2775835105381435,-0.4147384864930746,-0.1830241400242553,-1.792944680103813,0.540611996133622,-0.34562979789315534,-0.5239928814662401
97,0.0,1.0,0.33972660529534165,-0.061279868396244365,-0.08111932196657726,-0.10325759592330275,-0.17203885512118017,-0.40055936666456377,-0.4335000959984543,2.2792260645292695,-0.15450674342138931,0.8568519717233766,-0.4147384864930746,-0.2324827217144038,-1.792944680103813,0.540611996133622,-0.34562979789315534,-0.532585314864594
98,0.0,1.0,1.7597806765312243,-0.21463121502479807,-0.09366962680047256,-0.10325759592330275,-0.17203885512118017,-0.40055936666456377,-0.4335000959984543,0.525426353393896,-0.17382880769336284,-1.2518674203904143,-0.4147384864930746,-0.1830241400242553,-1.792944680103813,0.540611996133622,-0.34562979789315534,-0.532585314864594
99,1.0,1.0,1.3933151097606737,-0.21463121502479807,-0.09366962680047256,-0.10325759592330275,-0.13690049711041088,-0.40055936666456377,-0.4335000959984543,0.3385134590098538,-0.2124729362373099,0.8568519717233766,-0.41823158598603005,-0.20775343086932954,-1.792944680103813,0.540611996133622,-0.34562979789315534,-0.532585314864594
100,1.0,1.0,1.1642741305290798,-0.21463121502479807,-0.09366962680047256,-0.10325759592330275,-0.13690049711041088,-0.40055936666456377,-0.4335000959984543,1.2651241907435091,-0.17382880769336284,0.8568519717233766,-0.41823158598603005,-0.20775343086932954,-1.792944680103813,0.540611996133622,-0.34562979789315534,-0.532585314864594
101,1.0,1.0,1.347506913914355,-0.21463121502479807,-0.09366962680047256,-0.10325759592330275,-0.17203885512118017,-0.3932239417946963,-0.4335000959984543,1.3247772421426716,-0.2124729362373099,-1.2518674203904143,-0.41124538700011914,-0.2324827217144038,-1.792944680103813,0.540611996133622,-0.34562979789315534,-0.532585314864594
102,0.0,1.0,1.7139724806849055,-0.118786623381952,-0.13132054130215845,-0.10325759592330275,-0.17203885512118017,-0.40055936666456377,-0.4335000959984543,1.0782112963594672,-0.19315087196533637,0.8568519717233766,-0.4147384864930746,-0.2324827217144038,-1.792944680103813,0.540611996133622,-0.34562979789315534,-0.532585314864594
103,0.0,1.0,0.477151192834298,-0.21463121502479807,-0.09366962680047256,-0.10325759592330275,-0.17203885512118017,-0.40055936666456377,-0.4335000959984543,-0.18245652320949746,-0.2124729362373099,-1.2775835105381435,-0.4147384864930746,-0.1830241400242553,-1.792944680103813,0.540611996133622,-0.34562979789315534,-0.532585314864594
104,0.0,1.0,0.9352331512974859,-0.21463121502479807,-0.13132054130215845,-0.10325759592330275,-0.13690049711041088,-0.3932239417946963,-0.4335000959984543,0.41407399078212614,-0.19315087196533637,-1.2840125330750756,-0.41124538700011914,-0.1830241400242553,-1.1506550598540586,0.5692767427758753,-0.44688637133234416,-0.5032929282792967
105,0.0,1.0,0.24811021360270405,-0.02294203173910594,-0.09366962680047256,-0.10325759592330275,-0.13690049711041088,-0.40055936666456377,-0.4335000959984543,1.515667006619991,-0.17382880769336284,-1.2711544880012111,-0.41124538700011914,-0.1830241400242553,-1.1506550598540586,0.5692767427758753,-0.44688637133234416,-0.5032929282792967
106,0.0,1.0,0.24811021360270405,-0.02294203173910594,-0.09366962680047256,-0.10325759592330275,-0.13690049711041088,-0.40055936666456377,-0.4335000959984543,0.3027216281703564,-0.2124729362373099,-1.2775835105381435,-0.4077522875071637,-0.1830241400242553,-1.1506550598540586,0.5692767427758753,-0.44688637133234416,-0.5032929282792967
107,0.0,1.0,1.2558905222217174,-0.21463121502479807,-0.09366962680047256,-0.10325759592330275,-0.17203885512118017,-0.40055936666456377,-0.4335000959984543,1.6588343299779809,-0.2124729362373099,0.8568519717233766,-0.41823158598603005,-0.20775343086932954,-1.1506550598540586,0.5692767427758753,-0.44688637133234416,-0.5032929282792967
108,0.0,1.0,0.9352331512974859,-0.21463121502479807,-0.13132054130215845,-0.10325759592330275,-0.1544696761157955,-0.39689165422963,-0.4335000959984543,0.5771256646065033,-0.2124729362373099,0.8568519717233766,-0.41823158598603005,-0.20775343086932954,-1.1506550598540586,0.5692767427758753,-0.44688637133234416,-0.5032929282792967
109,0.0,1.0,1.2558905222217174,-0.21463121502479807,-0.09366962680047256,-0.10325759592330275,-0.17203885512118017,-0.40055936666456377,-0.4335000959984543,0.1794386552787542,-0.17382880769336284,-1.2775835105381435,-0.3972729890282974,-0.1830241400242553,-1.1506550598540586,0.5692767427758753,-0.44688637133234416,-0.5032929282792967
110,1.0,1.0,1.2100823263753986,-0.21463121502479807,-0.13132054130215845,-0.10325759592330275,-0.17203885512118017,-0.40055936666456377,-0.4335000959984543,0.9827664141208073,-0.19315087196533637,-1.2497244128781035,-0.4147384864930746,-0.1830241400242553,-1.1506550598540586,0.5692767427758753,-0.44688637133234416,-0.5032929282792967
111,0.0,1.0,0.477151192834298,-0.061279868396244365,-0.08111932196657726,-0.10325759592330275,-0.13690049711041088,-0.40055936666456377,-0.4335000959984543,0.712339247777938,-0.19315087196533637,0.8568519717233766,-0.41823158598603005,-0.20775343086932954,-1.1506550598540586,0.5692767427758753,-0.44688637133234416,-0.5032929282792967
112,1.0,1.0,2.5843282017649623,-0.118786623381952,-0.16897145580384434,-0.10325759592330275,-0.17203885512118017,-0.40055936666456377,-0.4335000959984543,0.7600616888972679,-0.2124729362373099,-1.2647254654642788,-0.40425918801420824,-0.2324827217144038,-1.1506550598540586,0.5692767427758753,-0.44688637133234416,-0.5032929282792967
113,0.0,1.0,0.477151192834298,-0.061279868396244365,-0.08111932196657726,-0.10325759592330275,-0.13690049711041088,-0.40055936666456377,-0.4335000959984543,0.9867432842140849,-0.19315087196533637,0.8568519717233766,-0.41823158598603005,-0.20775343086932954,-1.1506550598540586,0.5692767427758753,-0.44688637133234416,-0.5032929282792967
114,1.0,1.0,0.9352331512974859,-0.17629337836765965,-0.09366962680047256,-0.10325759592330275,-0.13690049711041088,-0.40055936666456377,-0.4335000959984543,0.7839229094569329,-0.2124729362373099,0.8568519717233766,-0.41823158598603005,-0.20775343086932954,-1.1506550598540586,0.5692767427758753,-0.44688637133234416,-0.5032929282792967
115,1.0,1.0,0.9352331512974859,-0.17629337836765965,-0.09366962680047256,-0.10325759592330275,-0.13690049711041088,-0.40055936666456377,-0.4335000959984543,2.4223933878872588,-0.2124729362373099,0.8568519717233766,-0.41823158598603005,-0.20775343086932954,-1.1506550598540586,0.5692767427758753,-0.44688637133234416,-0.5032929282792967
116,1.0,1.0,0.7520003679122107,-0.1379555417105212,-0.13132054130215845,-0.10325759592330275,-0.13690049711041088,-0.40055936666456377,-0.4335000959984543,2.0127757682796776,-0.2124729362373099,0.8568519717233766,-0.41823158598603005,-0.20775343086932954,-1.1506550598540586,0.5692767427758753,-0.44688637133234416,-0.5032929282792967
117,1.0,1.0,1.1642741305290798,-0.04211095006767516,-0.10621993163436785,-0.10325759592330275,-0.13690049711041088,-0.40055936666456377,-0.4335000959984543,0.469750172088011,-0.19315087196533637,0.8568519717233766,-0.40425918801420824,-0.2324827217144038,-1.1506550598540586,0.5692767427758753,-0.44688637133234416,-0.5032929282792967
118,0.0,1.0,0.2023020177563853,-0.21463121502479807,-0.09366962680047256,-0.10325759592330275,-0.17203885512118017,-0.40055936666456377,-0.4335000959984543,0.3504440692896863,-0.2124729362373099,0.8568519717233766,-0.41823158598603005,-0.20775343086932954,-1.1506550598540586,0.5692767427758753,-0.44688637133234416,-0.5032929282792967
119,1.0,1.0,1.118465934682761,-0.21463121502479807,-0.09366962680047256,-0.10325759592330275,-0.17203885512118017,-0.40055936666456377,-0.4335000959984543,0.7799460393636554,-0.2124729362373099,0.8568519717233766,-0.41823158598603005,-0.20775343086932954,-1.1506550598540586,0.5692767427758753,-0.44688637133234416,-0.5032929282792967
120,1.0,1.0,0.9352331512974859,-0.21463121502479807,-0.09366962680047256,-0.10325759592330275,-0.13690049711041088,-0.40055936666456377,-0.4300640827409445,0.8674371814157601,-0.2124729362373099,-1.2647254654642788,-0.4077522875071637,-0.2324827217144038,-1.1506550598540586,0.5692767427758753,-0.44688637133234416,-0.5052457540516498
121,1.0,1.0,0.9810413471438046,-0.04211095006767516,-0.10621993163436785,-0.10325759592330275,-0.17203885512118017,-0.40055936666456377,-0.4335000959984543,0.6685936767518856,-0.2124729362373099,-1.2711544880012111,-0.41124538700011914,-0.1830241400242553,-1.1506550598540586,0.5692767427758753,-0.44688637133234416,-0.5052457540516498
122,0.0,1.0,2.1262462433017744,-0.15712446003909042,-0.10621993163436785,-0.10325759592330275,-0.17203885512118017,-0.40055936666456377,-0.4335000959984543,0.8873215318821476,-0.2124729362373099,-1.2711544880012111,-0.41124538700011914,-0.1830241400242553,-1.1506550598540586,0.5692767427758753,-0.44688637133234416,-0.5052457540516498
123,1.0,1.0,1.4391233056069925,-0.1379555417105212,-0.09366962680047256,-0.10325759592330275,-0.13690049711041088,-0.40055936666456377,-0.4335000959984543,0.19136926555858666,-0.17382880769336284,-1.281869525562765,-0.4077522875071637,-0.1830241400242553,-1.1506550598540586,0.5692767427758753,-0.44688637133234416,-0.5052457540516498
124,1.0,1.0,2.2636708308407307,-0.04211095006767516,-0.08111932196657726,-0.10325759592330275,-0.17203885512118017,-0.40055936666456377,-0.4335000959984543,1.1299106075720746,-0.2124729362373099,0.8568519717233766,-0.41823158598603005,-0.20775343086932954,-1.1506550598540586,0.5692767427758753,-0.44688637133234416,-0.5052457540516498
125,1.0,1.0,0.5687675845269355,-0.21463121502479807,-0.09366962680047256,-0.10325759592330275,-0.17203885512118017,-0.40055936666456377,-0.4335000959984543,0.9310671029081999,-0.2124729362373099,0.8568519717233766,-0.41823158598603005,-0.20775343086932954,-1.1506550598540586,0.5692767427758753,-0.44688637133234416,-0.5052457540516498
126,1.0,1.0,1.3933151097606737,-0.04211095006767516,-0.10621993163436785,-0.10325759592330275,-0.13690049711041088,-0.40055936666456377,-0.4335000959984543,4.3710597335932295,-0.17382880769336284,0.8568519717233766,-0.41823158598603005,-0.20775343086932954,-1.1506550598540586,0.5692767427758753,-0.44688637133234416,-0.5052457540516498
127,1.0,1.0,2.5385200059186435,-0.118786623381952,-0.09366962680047256,-0.10325759592330275,-0.13690049711041088,-0.40055936666456377,-0.4335000959984543,1.4997595262468812,-0.19315087196533637,-1.2711544880012111,-0.4077522875071637,-0.1830241400242553,-1.1506550598540586,0.5692767427758753,-0.44688637133234416,-0.5052457540516498
128,1.0,1.0,0.29391840944902287,-0.21463121502479807,-0.09366962680047256,-0.10325759592330275,-0.17203885512118017,-0.40055936666456377,-0.4335000959984543,0.7362004683376029,-0.17382880769336284,-1.2711544880012111,-0.4147384864930746,-0.1830241400242553,-1.1506550598540586,0.5692767427758753,-0.44688637133234416,-0.5052457540516498
129,1.0,1.0,0.5687675845269355,-0.21463121502479807,-0.09366962680047256,-0.10325759592330275,-0.13690049711041088,-0.40055936666456377,-0.4335000959984543,0.5492875739535609,-0.2124729362373099,-1.2775835105381435,-0.4077522875071637,-0.1830241400242553,-1.1506550598540586,0.5692767427758753,-0.44688637133234416,-0.5052457540516498
130,1.0,1.0,0.5687675845269355,-0.1379555417105212,-0.09366962680047256,-0.10325759592330275,-0.17203885512118017,-0.40055936666456377,-0.4300640827409445,0.29476788798380144,-0.2124729362373099,-1.2711544880012111,-0.41124538700011914,-0.1830241400242553,-1.1506550598540586,0.5692767427758753,-0.44688637133234416,-0.5052457540516498
1347,0.0,1.0,-0.9429028784015844,-0.21463121502479807,-0.9777114450421817,-0.10325759592330275,10.450054804516244,0.19762007731294778,0.9485350685110121,-0.5045830007649742,-0.2317950005092834,-1.682382806799386,2.021511640362967,1.8703313301220925,-0.24074476450023988,-0.8339791873467312,0.11516098558373292,-0.8563638279207479
1348,1.0,1.0,-0.9429028784015844,2.094625154870075,-0.16897145580384434,-0.10325759592330275,-0.17203885512118017,2.5518468462154087,0.5578741490885691,-0.49857606836050994,-1.27807041983602,-1.4048379295559066,-0.68070391370958,-0.2324827217144038,-0.24074476450023988,-0.906769331994745,1.4822747488938521,-0.8563638279207479
1349,1.0,1.0,-0.9429028784015844,-0.21463121502479807,-0.016405525360397428,-0.10325759592330275,1.891560396099366,2.935525943479184,-0.7592316322351431,-0.5045830007649742,-0.2317950005092834,-0.9568794556994807,-0.20174011379455645,0.6152376712796596,-0.24074476450023988,-2.2619964101053522,0.11516098558373292,-0.8563638279207479
1350,1.0,1.0,-0.9429028784015966,20.027746539944285,-0.15642115096994821,2.545930643675947,-0.13690049711041127,-0.4005593666645642,-0.43350009599845435,-0.6481480111322917,-0.2124729362373071,-1.2840125330750753,3.0713748074764604,2.0783211320127166,23.30987464465743,-0.9067693319947449,0.1298358512995569,-0.30957261166187094
1351,0.0,1.0,-0.9429028784015844,-0.05258211466542608,-0.16897145580384434,-0.10325759592330275,-0.17203885512118017,1.012679791239262,-0.8133724574583218,-0.2947841074622586,2.147641710484701,0.242340178129518,-0.5081757451617981,-0.2324827217144038,-0.24074476450023988,-0.906769331994745,-0.9777413188163666,-0.8563638279207479
1352,1.0,1.0,-0.9429028784015844,-0.18620755256166563,-0.16897145580384434,-0.10325759592330275,-0.17203885512118017,3.2645741766354397,-0.40566455446451505,-0.4804416483183875,-0.95797408596545,-1.2979709356679483,-0.43484614597219523,-0.2324827217144038,-0.24074476450023988,-0.906769331994745,9.935864968326538,-0.8563638279207479
1353,0.0,1.0,-0.9429028784015844,-0.05856321365895334,-0.16897145580384434,-0.10325759592330275,-0.17203885512118017,1.1242777371159933,-1.12428694032317,-0.12745697401116277,2.1066839826459027,0.22807279397198477,-0.25189469108329104,-0.2324827217144038,-0.24074476450023988,-0.906769331994745,-2.093780439365827,-0.8563638279207479
1354,0.0,1.0,-0.9429028784015844,-0.13115444018594086,-0.07551014657465943,-0.10325759592330275,0.6404813928067654,1.823737923156196,-0.8514478630816116,-0.4811588249937379,1.5980914580787304,-0.25656408894085636,-0.32509968033050834,8.722188053491436,-0.24074476450023988,-1.5895826991503288,-0.29740781752828677,-0.8563638279207479
1355,1.0,1.0,-0.9429028784015844,-1.2593415256895713,-0.16897145580384434,-0.10325759592330275,-0.17203885512118017,-0.605269075639613,2.332191770020145,-0.024874556474393454,1.567570192401832,-1.4450339303080846,0.592430022254844,-0.2324827217144038,-0.24074476450023988,-0.906769331994745,0.1300947501949369,-0.8563638279207479
1356,1.0,1.0,-0.9429028784015844,-0.08106195235221739,-0.16897145580384434,-0.10325759592330275,-0.17203885512118017,0.5860218949332471,-1.016261208671789,1.112660652798241,1.9160195311125807,0.5311245411022153,-0.4883607996422157,-0.2324827217144038,-0.24074476450023988,-0.906769331994745,-1.1851727536109555,-0.8563638279207479
1357,1.0,1.0,-0.9429028784015844,-0.21463121502479807,-1.1375561855442557,-0.10325759592330275,2.9304820132222553,-0.054072667978815755,0.5378177966368669,-0.5045830007649742,-0.2317950005092834,-1.5653160311846845,2.3678430341687347,2.740755239416923,-0.24074476450023988,-0.7500631021498035,0.11516098558373292,-0.8563638279207479
1358,1.0,1.0,-0.9429028784015844,2.9083436389673603,-0.16897145580384434,-0.10325759592330275,-0.17203885512118017,-0.6461346272692772,-0.6418954994230861,-0.7038719506255999,-0.004181065476444495,-0.8012909828048075,2.6046711902318807,-0.2324827217144038,-0.24074476450023988,-0.906769331994745,1.6186626259180097,-0.8563638279207479
1359,1.0,1.0,-0.9429028784015844,-0.21463121502479807,1.2942690132338825,-0.10325759592330275,-0.11562213693700217,-0.8635615526623808,-0.08362652583524881,-0.5045830007649742,-0.2317950005092834,0.5295669841572154,0.38472159538632655,-2.595777453658685,-0.24074476450023988,1.048779204233009,0.11516098558373292,-0.8563638279207479
1360,1.0,1.0,-0.9429028784015844,-0.21463121502479807,-1.2544677846352632,-0.10325759592330275,-0.031634332556025595,-0.22971295086531637,-0.17216411463919898,-0.5045830007649742,-0.2317950005092834,-1.4194058431803411,2.958412845068902,2.28461485788567,-0.24074476450023988,-0.7449133171458517,0.11516098558373292,-0.8563638279207479
1361,0.0,1.0,-0.9429028784015844,2.1534211216719643,-0.16897145580384434,-0.10325759592330275,-0.17203885512118017,2.2889570724062787,0.8978387449064353,-0.48353610032951017,-2.979978124046317,-1.2103799372899364,-1.1137153261373791,-0.2324827217144038,-0.24074476450023988,-0.906769331994745,2.0635017842953065,-0.8563638279207479
1362,0.0,1.0,-0.9429028784015844,-0.11957052587966889,-0.07578389449753638,-0.10325759592330275,0.4807552842509394,1.715890208300511,-0.826520322341321,-0.4844844364221851,1.6281068637542375,-0.19628422605138465,-0.3834370125902999,8.234032143555917,-0.24074476450023988,-1.5718180160510211,-0.41463895735943224,-0.8563638279207479
1363,1.0,1.0,-0.9429028784015844,-0.21463121502479807,-0.08638185923930713,-0.10325759592330275,1.558246535753463,3.185882150506022,-0.6036217502239566,-0.5045830007649742,-0.2317950005092834,-1.1627001375689543,-0.30111576003051305,-0.07420525143432008,-0.24074476450023988,-1.9950746457284119,0.11516098558373292,-0.8563638279207479
1364,1.0,1.0,-0.9429028784015844,-0.9350544210952157,-0.16897145580384434,-0.10325759592330275,-0.17203885512118017,-0.42445111792085793,3.000029827426254,-0.4951312912877371,11.144979631335579,-1.2929879931813568,-0.38345251312823064,-0.2324827217144038,-0.24074476450023988,-0.906769331994745,0.21270845216758585,-0.8563638279207479
1365,0.0,1.0,-0.9429028784015844,1.9122105387310246,-0.16897145580384434,-0.10325759592330275,-0.17203885512118017,-0.8867429303177822,-0.4940228578690055,-0.8629668105221506,-0.12287554379039113,-0.5359541089670519,2.222779234595826,-0.2324827217144038,-0.24074476450023988,-0.906769331994745,1.9442138822550352,-0.8563638279207479
1366,0.0,1.0,-0.9429028784015844,-0.09474664261808897,4.077806592565542,-0.10325759592330275,-0.15731373515959532,-0.8542693833820744,-0.33567713288744067,-0.5823239975090431,-0.1626727605901204,0.04523437674872277,1.2048118142778825,-1.3215278342567578,-0.24074476450023988,-0.08067113919562412,1.497528560732918,-0.8563638279207479
1367,0.0,1.0,-0.9429028784015844,2.1773553142936537,-0.16897145580384434,-0.10325759592330275,-0.17203885512118017,2.4111243792634265,0.7002005932734096,-0.47505052098266287,-1.4822693518666423,-1.3761574439519424,-0.7498121567434816,-0.2324827217144038,-0.24074476450023988,-0.906769331994745,1.3237753365296885,-0.8563638279207479
1368,1.0,1.0,-0.9429028784015844,0.09399704843562817,-0.07943961636308498,-0.10325759592330275,-0.013351433140483551,1.1792472394482827,-0.9390832730239086,-0.33712098686161945,2.0471073699353206,0.15626078852231456,-0.37401962972601277,20.37703888538634,-0.24074476450023988,-1.4768066910149242,-1.4183870847640965,-0.8563638279207479
1369,1.0,1.0,-0.9429028784015844,-0.21463121502479807,-0.1416260459070798,-0.10325759592330275,-0.14375725710979026,-0.4637061519086802,-0.3761884147089991,-0.5045830007649742,-0.2317950005092834,0.8511139490533406,-0.3681671443518857,-1.3035824398652431,-0.24074476450023988,0.5710926710830693,0.11516098558373292,-0.8563638279207479
1370,1.0,1.0,-0.9429028784015844,7.603296239146821,-0.16897145580384434,-0.10325759592330275,-0.17203885512118017,-0.6664052060159935,-0.6225892641283161,-0.6936321566872278,-0.19725935319664406,-0.9391504211047985,2.8211886956610424,-0.2324827217144038,-0.24074476450023988,-0.906769331994745,1.0636892984549517,-0.8563638279207479
1371,1.0,1.0,-0.9429028784015844,-0.21463121502479807,3.020792705209881,-0.10325759592330275,-0.13348753136142597,-0.9670288933627538,0.07306834288431405,-0.5045830007649742,-0.2317950005092834,0.43187834547931114,0.5838622165212108,-2.638285659433769,-0.24074476450023988,0.9698462367395818,0.11516098558373292,-0.8563638279207479
1372,1.0,1.0,-0.9429028784015844,1.8600556716371908,-0.08221031253962899,-0.10325759592330275,-0.8834464479272902,1.8735099724891366,1.2620119688362381,-0.45173984892808766,-3.0901009282082166,-1.1142881334723371,-1.1047314811030908,-0.1525626817521635,-0.24074476450023988,17.413549099272227,0.5188315428939069,-0.8563638279207479
1373,1.0,1.0,-0.9429028784015844,-2.253911426799615,-0.683338109606244,-0.10325759592330275,14.23162902803281,-0.24160316047086944,1.6333790486409827,-0.0825893362394774,0.09461994744384457,-1.6215898785117746,1.3290997233957262,-0.007083238851662082,-0.24074476450023988,-0.7832236091432998,0.24941721996429145,-0.8563638279207479
1374,1.0,1.0,-0.9429028784015844,-0.21463121502479807,1.4167931152015472,-0.10325759592330275,-1.6781781497624604,0.43559098564894055,2.477143788675384,-0.5045830007649742,-0.2317950005092834,-1.1012479373713506,-0.835068451259779,0.0032748115126389025,-0.24074476450023988,0.7159158768771229,0.11516098558373292,-0.8563638279207479
1375,1.0,1.0,-0.9429028784015844,-0.21463121502479807,1.3290822896146237,-0.10325759592330275,-2.1189602237955074,0.20972459708201793,2.661375620006007,-0.5045830007649742,-0.2317950005092834,-1.0869656111421364,-0.7883838083856675,0.19253631590472373,-0.24074476450023988,-0.06905696235074657,0.11516098558373292,-0.8563638279207479
1376,1.0,1.0,-0.9429028784015844,-3.828559539154183,-0.6685036953200479,-0.10325759592330275,26.62114963065864,0.011973615886563958,1.7611098963992127,-0.06560274817893226,0.5462057834744944,-1.786538919380016,1.2777159527540245,-0.11429891725906871,-0.24074476450023988,-0.7443456874389892,0.27278722093060503,-0.8563638279207479
1377,1.0,1.0,-0.9429028784015844,20.694933195121816,-0.16897145580384434,-0.10325759592330275,-0.17203885512118017,-0.8199569251187433,-0.5824599144589686,-0.6922223711005314,-0.1685225864763434,-1.012611381750683,2.936868695369934,-0.2324827217144038,-0.24074476450023988,-0.906769331994745,0.6865212437047353,-0.8563638279207479
1378,1.0,1.0,-0.9429028784015844,-0.21463121502479807,0.26844578879507164,-0.10325759592330275,0.06505966522354122,-0.744007986517249,-0.2285159192057601,-0.5045830007649742,-0.2317950005092834,0.6647839446771427,0.11475941081605448,-2.3170037304600837,-0.24074476450023988,0.9376163005963108,0.11516098558373292,-0.8563638279207479
1379,1.0,1.0,-0.9429028784015844,-0.154890378216826,-0.16897145580384434,-0.10325759592330275,-0.17203885512118017,-0.2971636896160721,-0.6289177521845589,15.895136427775622,-0.14666646200515793,0.856895725113939,-0.45963224764259,-0.2324827217144038,-0.24074476450023988,-0.906769331994745,-0.4541436829670877,-0.8563638279207479
1380,1.0,1.0,-0.9429028784015844,-0.21463121502479807,-1.063521045887026,-0.10325759592330275,-0.10979304607059737,-0.2840074901360304,-0.3003169850009304,-0.5045830007649742,-0.2317950005092834,-1.3667344765359923,3.0302015598625847,2.144315118716051,-0.24074476450023988,-0.852391490192975,0.11516098558373292,-0.8563638279207479
1381,0.0,1.0,-0.9429028784015844,-0.21463121502479807,1.0864242543825122,-0.10325759592330275,-1.6869887348439427,-0.15742768098936005,2.908678011479581,-0.5045830007649742,-0.2317950005092834,-1.188812973687203,-0.61895633167529,-0.028260128033934753,-0.24074476450023988,-0.7971858490272448,0.11516098558373292,-0.8563638279207479
1382,1.0,1.0,-0.9429028784015844,0.030608064166548474,-0.16897145580384434,-0.10325759592330275,-0.17203885512118017,3.2328451098675854,-0.22015792694834094,-0.49284328901111085,-1.0361405265394321,-1.3508894353815744,-0.6303397728040274,-0.2324827217144038,-0.24074476450023988,-0.906769331994745,20.14959116489719,-0.8563638279207479
1383,0.0,1.0,-0.9429028784015844,0.7976356066882718,-0.16897145580384434,-0.10325759592330275,-0.17203885512118017,3.063004253496239,0.04113168232128513,-0.5050826077163938,-1.1191515471859952,-1.3968027066979904,-0.6718760672314366,-0.2324827217144038,-0.24074476450023988,-0.906769331994745,7.703774211899298,-0.8563638279207479
1384,1.0,1.0,-0.9429028784015844,1.0944725690889894,-0.16897145580384434,-0.10325759592330275,-0.17203885512118017,-0.9721820825595243,-0.38948647746590676,-0.9534782842378998,-0.0924588788295965,-0.41398148633982973,2.0349764633028666,-0.2324827217144038,-0.24074476450023988,-0.906769331994745,1.8945078590296767,-0.8563638279207479
1385,0.0,1.0,-0.9429028784015844,-0.21463121502479807,-1.9335839874263154,-0.10325759592330275,3.882622284638529,0.31857557852424856,0.4256688689169779,-0.5045830007649742,-0.2317950005092834,-1.6406530999988194,2.5096619515143614,2.825025862160461,-0.24074476450023988,-0.6659453209372231,0.11516098558373292,-0.8563638279207479
1386,1.0,1.0,-0.9429028784015844,2.183223580674718,-0.16897145580384434,-0.10325759592330275,-0.17203885512118017,2.4184133523904996,0.7191780764941119,-0.4394183532151189,-1.8885498332630075,-1.3328056083012083,-0.8694413936046759,-0.2324827217144038,-0.24074476450023988,-0.906769331994745,1.9283444580582434,-0.8563638279207479
1387,0.0,1.0,-0.9429028784015844,-0.21463121502479807,-1.2645746006792031,-0.10325759592330275,0.7312614179687585,-0.14744552088963553,0.17476692781992897,-0.5045830007649742,-0.2317950005092834,-1.5053825692559826,2.6903717925625066,2.768619538887258,-0.24074476450023988,-0.8168825740092195,0.11516098558373292,-0.8563638279207479
1388,1.0,1.0,-0.9429028784015844,-0.21463121502479807,0.017804805178671862,-0.10325759592330275,0.05702805961267727,-0.7086257417859618,-0.029111806820506465,-0.5045830007649742,-0.2317950005092834,0.7895543130106422,-0.14134557557304206,-5.283400135139139,-0.24074476450023988,0.6877331545210897,0.11516098558373292,-0.8563638279207479
1389,0.0,1.0,-0.9429028784015844,14.590494594969117,-0.16897145580384434,-0.10325759592330275,-0.17203885512118017,-0.7408900149577768,-0.5981771419226765,-0.6906184877404853,0.06930833855009903,-1.0027013733636805,2.910380135101848,-0.2324827217144038,-0.24074476450023988,-0.906769331994745,0.7863928738371196,-0.8563638279207479
1390,1.0,1.0,-0.9429028784015844,-0.21463121502479807,0.24274658869262708,-0.10325759592330275,-0.013208720752720319,-0.7374373423361616,-0.25128899983677344,-0.5045830007649742,-0.2317950005092834,0.6669924578230801,0.11213479135523571,-2.1540686975519856,-0.24074476450023988,0.9433541726591772,0.11516098558373292,-0.8563638279207479
1391,0.0,1.0,-0.9429028784015844,-0.21463121502479807,1.3925070576571255,-0.10325759592330275,-2.058911646988444,0.398228054939209,2.5150198646025124,-0.5045830007649742,-0.2317950005092834,-1.0407198098703156,-0.8612377555231419,-0.11303134046919884,-0.24074476450023988,0.8571069879610884,0.11516098558373292,-0.8563638279207479
1392,1.0,1.0,-0.9429028784015844,-0.21463121502479807,1.0411430047144232,-0.10325759592330275,-1.2960260994136021,0.953585593376104,2.0432107507478245,-0.5045830007649742,-0.2317950005092834,-1.034950193033614,-0.9650234698078395,-0.1796472451083973,-0.24074476450023988,5.17105657960159,0.11516098558373292,-0.8563638279207479
1393,1.0,1.0,-0.9429028784015844,-0.21463121502479807,-0.1369287540564579,-0.10325759592330275,1.4905329857876133,3.244709848253154,-0.5118288908853866,-0.5045830007649742,-0.2317950005092834,-1.2368813356542858,-0.36604433550256443,-0.08517011029297275,-0.24074476450023988,-1.4897225170657364,0.11516098558373292,-0.8563638279207479
1394,1.0,1.0,-0.9429028784015844,-0.21463121502479807,1.0125622778740186,-0.10325759592330275,-0.5067109255873659,-0.3483654263510737,2.9897957003846605,-0.5045830007649742,-0.2317950005092834,-1.2680821716003026,-0.47037399261043344,-0.1916840658452376,-0.24074476450023988,-0.8076600777808728,0.11516098558373292,-0.8563638279207479
1395,1.0,1.0,-0.9429028784015844,-0.21463121502479807,1.1930556732329054,-0.10325759592330275,-1.0900556051676529,0.8227622899192462,2.1239324403098765,-0.5045830007649742,-0.2317950005092834,-1.202445627540548,-0.8183982361503279,-0.11831725079818821,-0.24074476450023988,1.5290908152342977,0.11516098558373292,-0.8563638279207479
1396,1.0,1.0,-0.9429028784015844,-1.3956346019800974,-0.16897145580384434,-0.10325759592330275,-0.17203885512118017,-0.5060449008813739,2.796785054318812,-0.27168229041623004,28.09540589934981,-1.7342018507473227,0.20516073241354263,-0.2324827217144038,-0.24074476450023988,-0.906769331994745,0.26288785571351747,-0.8563638279207479
1397,1.0,1.0,-0.9429028784015844,1.90570993935864,-0.09561909746889707,-0.10325759592330275,-0.87093889761785,1.9215913932716666,1.2073263807005583,-0.4669007617642695,-2.8861704252124114,-1.1541598455840698,-1.0613134240502722,-0.18655082275082704,-0.24074476450023988,16.16515547904926,0.577179679220453,-0.8563638279207479
1398,0.0,1.0,-0.9429028784015844,-0.21463121502479807,1.0125491616053504,-0.10325759592330275,-0.8839027922979057,-0.34811478137352453,2.990381002284422,-0.5045830007649742,-0.2317950005092834,-1.2506473978818944,-0.4777933364265953,-0.1592625712916063,-0.24074476450023988,-0.8090167196021888,0.11516098558373292,-0.8563638279207479
1399,1.0,1.0,-0.9429028784015844,-0.9737261820917953,-0.16897145580384434,-0.10325759592330275,-0.17203885512118017,-0.6167118863768531,2.8336509228041376,-0.31939158497453657,2.134160444755785,-1.328748141586615,-0.012398500129732861,-0.2324827217144038,-0.24074476450023988,-0.906769331994745,0.26409292226152425,-0.8563638279207479
1400,0.0,1.0,-0.9429028784015844,-0.21463121502479807,0.9101404722702001,-0.10325759592330275,-0.37760386965127074,-0.3998782403422605,-0.4319761953218398,-0.5045830007649742,-0.2317950005092834,-1.26937057107842,-0.41522315025787887,0.003955358366801654,-0.24074476450023988,-0.8071684575300192,0.11516098558373292,-0.8563638279207479
1401,1.0,1.0,-0.9429028784015844,0.30284283901681225,11.648708350787846,-0.10325759592330275,0.0055590086557238795,-1.0042603162405699,-0.28602041201885053,-0.9884059184156188,-0.09709592810609437,-0.2649095359612208,1.7888714579829317,-1.110948469424316,-0.24074476450023988,-0.8060844601451872,1.695439374898546,-0.8563638279207479
1402,0.0,1.0,-0.9429028784015844,2.539328302886729,-0.16897145580384434,-0.10325759592330275,-0.17203885512118017,-0.5697655614486561,-0.36178940321163944,-0.631943790996009,0.3789621137675511,-1.2720878831593718,-0.32452574664478745,-0.2324827217144038,-0.24074476450023988,-0.906769331994745,0.3372710111048128,-0.8563638279207479
1403,0.0,1.0,-0.9429028784015844,-1.2338403579706327,-0.16897145580384434,-0.10325759592330275,-0.17203885512118017,-0.6161297500270069,2.3328194963993814,-0.037793127664024775,1.3724098462167325,-1.4346284982861752,0.5850854700688309,-0.2324827217144038,-0.24074476450023988,-0.906769331994745,0.046608748880532694,-0.8563638279207479
1404,0.0,1.0,-0.9429028784015844,-0.21463121502479807,-0.11483333010870327,-0.10325759592330275,1.437357744861779,-0.39046984938080054,-0.434409106213518,-0.5045830007649742,-0.2317950005092834,-1.2826621208591282,-0.41141384498214273,-0.14706780272690537,-0.24074476450023988,-0.9522311457290277,0.11516098558373292,-0.8563638279207479
1405,1.0,1.0,-0.9429028784015844,-0.21463121502479807,0.13901238271181193,-0.10325759592330275,1.7106581192937869,3.0400855544169803,-0.792163777348056,-0.5045830007649742,-0.2317950005092834,-1.019001393728692,0.020182157050850847,0.6554330741014655,-0.24074476450023988,-3.6709795291794505,0.11516098558373292,-0.8563638279207479
1406,1.0,1.0,-0.9429028784015844,-0.21463121502479807,-0.09734155747642499,-0.10325759592330275,1.3997603058667847,-0.3947331391156623,-0.4308828060252314,-0.5045830007649742,-0.2317950005092834,-1.2809619252220097,-0.3929511799661353,-0.0650374640973595,-0.24074476450023988,-1.1360415278206015,0.11516098558373292,-0.8563638279207479
1407,0.0,1.0,-0.9429028784015844,-0.12113039210886375,2.383070708455634,-0.10325759592330275,-0.08067008113086799,-0.7755960040563037,-0.4432906022528191,-0.5543148718668772,-0.16735022971308122,0.038340493730034175,1.2002345061609194,-1.245012921356078,-0.24074476450023988,-0.09675242127434508,1.4732935661439701,-0.8563638279207479
1408,0.0,1.0,-0.9429028784015844,-0.1174318527963691,-0.14937087703687488,-0.10325759592330275,0.5086355405319832,1.7632177116697207,-0.7920720566249358,-0.47871383906808135,1.5725813942803732,-0.22909044029380055,-0.43169262820307264,5.825928818959957,-0.24074476450023988,-1.5362552639578322,-0.22383870170621423,-0.8563638279207479
1409,0.0,1.0,-0.9429028784015844,-1.0801248696301335,-0.16897145580384434,-0.10325759592330275,-0.17203885512118017,-0.6474000140362814,2.5385580878090326,-0.11188488054917681,1.6830026791721044,-1.3841822450219952,0.35707538795583654,-0.2324827217144038,-0.24074476450023988,-0.906769331994745,0.061566639504089506,-0.8563638279207479
1410,1.0,1.0,-0.9429028784015844,-0.21463121502479807,0.7243740938632984,-0.10325759592330275,-0.911276560781559,1.1322629386581833,1.8312448907986103,-0.5045830007649742,-0.2317950005092834,-1.295052266737725,-0.7686312879501516,-0.14677594694610183,-0.24074476450023988,1.295950642147125,0.11516098558373292,-0.8563638279207479
1411,1.0,1.0,-0.9429028784015844,8.152826545995001,-0.16897145580384434,-0.10325759592330275,-0.17203885512118017,-0.5438149492213478,-0.5974317690150944,-0.6623346941425836,0.11351644823783441,-1.0897822267406667,2.9760477630329616,-0.2324827217144038,-0.24074476450023988,-0.906769331994745,0.5260771897674373,-0.8563638279207479
1412,0.0,1.0,-0.9429028784015844,-0.21463121502479807,-1.0387607316120273,-0.10325759592330275,0.5057736466340171,-0.23497623597610987,0.17129146538054776,-0.5045830007649742,-0.2317950005092834,-1.4869982471442342,2.6889663829252144,2.695466393665097,-0.24074476450023988,-0.8868594025047082,0.11516098558373292,-0.8563638279207479
1413,0.0,1.0,-0.9429028784015844,-0.21463121502479807,-0.044360745730029585,-0.10325759592330275,-0.875525054120717,-0.3245033891064346,-0.4094106703830265,-0.5045830007649742,-0.2317950005092834,-1.0095721033007525,-0.6413788555739851,0.2216416636454144,-0.24074476450023988,4.396244649037763,0.11516098558373292,-0.8563638279207479
1414,1.0,1.0,-0.9429028784015844,-0.09872752264469752,-0.035982938891361185,-0.10325759592330275,-0.14736201275879282,1.184406095779814,-0.6946055111292719,-0.4495463177172042,1.9447887150360745,0.114414965182816,-0.5850532703356865,5.211272549488192,-0.24074476450023988,-1.4277513215059279,-0.4657212840849472,-0.8563638279207479
1415,0.0,1.0,-0.9429028784015844,-0.21463121502479807,2.0004951165653098,-0.10325759592330275,-0.2455315796206983,-0.8163019984340281,-0.32866885213622027,-0.5045830007649742,-0.2317950005092834,0.25019803702931015,0.8491246046528123,-1.4512404313473568,-0.24074476450023988,0.5742946535176788,0.11516098558373292,-0.8563638279207479
1416,0.0,1.0,-0.9429028784015844,-0.9119169596476959,-0.16897145580384434,-0.10325759592330275,-0.17203885512118017,-0.3916687735936684,-0.4123107767022865,-0.49292559271815545,4.330044912108835,-1.3019997940767138,-0.4070845768080762,-0.2324827217144038,-0.24074476450023988,-0.906769331994745,0.16189217345306875,-0.8563638279207479
1417,1.0,1.0,-0.9429028784015844,-0.21463121502479807,-0.942957353033933,-0.10325759592330275,0.3266182249882843,-0.27063391537893816,0.1281562521254441,-0.5045830007649742,-0.2317950005092834,-1.4737499250015742,2.72217252470279,2.6464974445522746,-0.24074476450023988,-0.8530249248586814,0.11516098558373292,-0.8563638279207479
1418,0.0,1.0,-0.9429028784015844,1.5555652562975775,0.5596945323429049,-0.10325759592330275,-0.8753479425585403,1.2339958967685931,1.7287887484879476,-0.49399361833552174,-0.27731024523254577,-1.3385194494068546,-0.7255528664105051,-0.16907462360032866,-0.24074476450023988,0.5539557255618021,0.15901369062965248,-0.8563638279207479
1419,1.0,1.0,-0.9429028784015844,-0.21463121502479807,0.11401971694573243,-0.10325759592330275,0.17281607073926655,-0.4459532914794566,-0.2984759012934072,-0.5045830007649742,-0.2317950005092834,-1.293107026656078,-0.4103790249309967,-1.0598528908943907,-0.24074476450023988,-0.1404920379517241,0.11516098558373292,-0.8563638279207479
1420,0.0,1.0,-0.9429028784015844,-0.15380248635134355,-0.16897145580384434,-0.10325759592330275,-0.17203885512118017,-0.22010767033419956,-0.47814172903725793,0.5132135806246758,-0.03628464961721076,0.8380872054640964,-0.5366494494129032,-0.2324827217144038,-0.24074476450023988,-0.906769331994745,-0.4345660985951748,-0.8563638279207479
1421,1.0,1.0,-0.9429028784015844,-0.21463121502479807,-0.08793689775206794,-0.10325759592330275,1.896132834937368,2.5146327686628034,-0.8043603752465365,-0.5045830007649742,-0.2317950005092834,-0.684269423482736,-0.2999042680774609,2.0635714289670615,-0.24074476450023988,-1.7844297577883157,0.11516098558373292,-0.8563638279207479
1422,1.0,1.0,-0.9429028784015844,-0.21463121502479807,-0.07756750238040991,-0.10325759592330275,1.6805189773835951,3.0620508724871858,-0.6521906744682544,-0.5045830007649742,-0.2317950005092834,-1.0581851763250998,-0.3823368105814678,-0.06884967155379015,-0.24074476450023988,-1.3986520807076925,0.11516098558373292,-0.8563638279207479
1423,1.0,1.0,-0.9429028784015844,-0.21463121502479807,-0.05183795912473445,-0.10325759592330275,1.962149431900624,2.6077090098933944,-0.8032205044032148,-0.5045830007649742,-0.2317950005092834,-0.7427482639992271,-0.26107978414226796,1.8136420242194975,-0.24074476450023988,-1.88327377805425,0.11516098558373292,-0.8563638279207479
1424,0.0,1.0,-0.9429028784015844,-0.830337816164974,-0.5658946536960895,-0.10325759592330275,4.9719710399481825,-0.26916467299420105,-0.373156750837869,-0.28443937949992437,0.02092881698426167,-1.3562466274132456,-0.4270839326619772,-0.18302145489094662,-0.24074476450023988,-0.7803699787641845,0.29121630565777434,-0.8563638279207479
1425,1.0,1.0,-0.9429028784015844,2.211640559353985,-0.16897145580384434,-0.10325759592330275,-0.17203885512118017,-0.5244810237528309,-0.6556119812625163,-0.6701583858070277,-0.15296995141904435,-0.9333362012705733,2.7849080593207005,-0.2324827217144038,-0.24074476450023988,-0.906769331994745,1.1445367611367336,-0.8563638279207479
1426,1.0,1.0,-0.9429028784015844,8.476321197803234,-0.16897145580384434,-0.10325759592330275,-0.17203885512118017,-0.45070400257019855,-0.5155451443791698,-0.6487088674384766,-0.18129348253912175,-1.213631668808315,3.060514769518869,-0.2324827217144038,-0.24074476450023988,-0.906769331994745,0.20581893241768165,-0.8563638279207479
1427,1.0,1.0,-0.9429028784015844,2.0943170996877396,-0.16897145580384434,-0.10325759592330275,-0.17203885512118017,2.201890883846695,0.8610885309542502,-0.4125843063149279,-1.0506680255539742,-1.4064260240397615,-0.6563152565274203,-0.2324827217144038,-0.24074476450023988,-0.906769331994745,0.45890426993055733,-0.8563638279207479
1428,1.0,1.0,-0.9429028784015844,-0.21463121502479807,-0.11304615074041605,-0.10325759592330275,1.4953650056647383,3.2043607828205545,-0.5833231204831418,-0.5045830007649742,-0.2317950005092834,-1.1818974093908678,-0.31227957521915783,-0.12981644021002486,-0.24074476450023988,-1.9450167963926068,0.11516098558373292,-0.8563638279207479
1429,1.0,1.0,-0.9429028784015844,-0.21463121502479807,0.31419624491537673,-0.10325759592330275,-0.7297309614450566,-0.3893938927541786,-0.4533652657010181,-0.5045830007649742,-0.2317950005092834,-1.1876530729614188,-0.47111128417189213,0.31450254466184124,-0.24074476450023988,-0.3504481206457188,0.11516098558373292,-0.8563638279207479
1430,0.0,1.0,-0.9429028784015844,-0.21463121502479807,-0.026453636082249796,-0.10325759592330275,1.5799232970921793,2.2762752095918937,-0.8430052884086425,-0.5045830007649742,-0.2317950005092834,-0.5355478410811957,-0.276695703451951,4.194220117088951,-0.24074476450023988,-1.7280898179653534,0.11516098558373292,-0.8563638279207479
1431,1.0,1.0,-0.9429028784015844,2.122991102833861,-0.16897145580384434,-0.10325759592330275,-0.17203885512118017,2.3070227186353907,0.7874212062918671,-0.4877447278528533,-1.3139895994473274,-1.3892151171661336,-0.7015018339695153,-0.2324827217144038,-0.24074476450023988,-0.906769331994745,0.7617598983481733,-0.8563638279207479
1432,0.0,1.0,-0.9429028784015844,-0.7593746314122276,-0.16897145580384434,-0.10325759592330275,-0.17203885512118017,-0.3315734614276281,-0.3607264174320898,-0.4368067640189257,1.7156907539175916,-1.361303453220464,-0.4080411649021861,-0.2324827217144038,-0.24074476450023988,-0.906769331994745,0.43483070313292094,-0.8563638279207479
1433,1.0,1.0,-0.9429028784015844,-0.21463121502479807,0.3246889627943494,-0.10325759592330275,0.16648995465018512,-0.7452924085210993,-0.37264349539599934,-0.5045830007649742,-0.2317950005092834,0.5221552910626482,0.36563810189295676,-1.4408299155403153,-0.24074476450023988,1.0135435016939633,0.11516098558373292,-0.8563638279207479
1434,0.0,1.0,-0.9429028784015844,1.7271843643744482,-0.03582924466560232,-0.10325759592330275,-0.8328731876851664,1.736189303544737,1.3079466713951546,-0.4710263307530979,-1.3710374499832514,-1.2923545842493818,-0.8108935403998525,0.034736959860144204,-0.24074476450023988,5.8208796141174615,0.24840295789410402,-0.8563638279207479
1435,0.0,1.0,-0.9429028784015844,-0.21463121502479807,-0.5466668625534243,-0.10325759592330275,2.6882595092661896,-0.16965443232548255,-0.40300787615966793,-0.5045830007649742,-0.2317950005092834,-1.3492446477829028,-0.43440781867749356,0.03824365462786484,-0.24074476450023988,-0.613579533509157,0.11516098558373292,-0.8563638279207479
1436,0.0,1.0,-0.9429028784015844,0.1639264516353433,-0.16897145580384434,-0.10325759592330275,-0.17203885512118017,-0.4157898520999912,-0.4943974095418019,-0.42200219518113774,0.4420784827205312,-1.2500068390079526,-0.3606465249736761,-0.2324827217144038,-0.24074476450023988,-0.906769331994745,-0.14365296880465014,-0.8563638279207479
1437,0.0,1.0,-0.9429028784015844,-0.21463121502479807,0.07766299062451318,-0.10325759592330275,0.15337373213612623,-0.4302568415786367,-0.46356113987091174,-0.5045830007649742,-0.2317950005092834,-1.2737595508268331,-0.32802138350695015,0.7840585051319794,-0.24074476450023988,-1.221734040669776,0.11516098558373292,-0.8563638279207479
1438,0.0,1.0,-0.9429028784015844,-0.21463121502479807,-0.44681032584436753,-0.10325759592330275,-0.045066274287901616,-0.35346505786916355,-0.4284659097250455,-0.5045830007649742,-0.2317950005092834,-1.2900768586542868,-0.41436080245314877,1.780497518145536,-0.24074476450023988,-0.6462544855263963,0.11516098558373292,-0.8563638279207479
1439,0.0,1.0,-0.9429028784015844,0.9069102855380543,-0.16897145580384434,-0.10325759592330275,-0.17203885512118017,-0.5457264016318056,-0.678378190851344,-0.6725169851895174,-0.38716878089126067,-0.7837713204075827,2.5605506695179736,-0.2324827217144038,-0.24074476450023988,-0.906769331994745,1.6353794549440162,-0.8563638279207479
1440,0.0,1.0,-0.9429028784015844,-0.21463121502479807,-0.14289937654309134,-0.10325759592330275,1.4673636376103965,3.2332982729636437,-0.5222602926298036,-0.5045830007649742,-0.2317950005092834,-1.2199771846284895,-0.402227831331548,-0.09093104480693587,-0.24074476450023988,-1.0994710895228224,0.11516098558373292,-0.8563638279207479
1441,0.0,1.0,-0.9429028784015844,-0.21463121502479807,-0.4190974182126439,-0.10325759592330275,0.23272912431439818,-0.35264108910350556,-0.419205886952169,-0.5045830007649742,-0.2317950005092834,-1.2897435975715295,-0.4499244859599434,0.08042983566764866,-0.24074476450023988,-0.6131383213400908,0.11516098558373292,-0.8563638279207479
1442,0.0,1.0,-0.9429028784015844,-0.8472445456649699,-0.16897145580384434,-0.10325759592330275,-0.17203885512118017,-0.42467756611463364,3.000020979990537,-0.49171263875765603,1.2642966379854934,-1.2853177107685823,-0.39356176576221896,-0.2324827217144038,-0.24074476450023988,-0.906769331994745,0.2528987496817434,-0.8563638279207479
1443,0.0,1.0,-0.9429028784015844,-0.7509375829285098,-0.16897145580384434,-0.10325759592330275,-0.17203885512118017,-0.33593009786364625,-0.3778402618191986,-0.4486810576051925,1.8484706897332368,-1.3567079076463895,-0.4155190773009446,-0.2324827217144038,-0.24074476450023988,-0.906769331994745,0.454694308909641,-0.8563638279207479
1444,0.0,1.0,-0.9429028784015844,-0.21463121502479807,2.80436947377826,-0.10325759592330275,-0.1895846244806657,-0.8863017728114179,-0.16968629340290808,-0.5045830007649742,-0.2317950005092834,0.31327971553442596,0.7653964384972631,-1.7661504262970977,-0.24074476450023988,0.7374330170127683,0.11516098558373292,-0.8563638279207479
1445,0.0,1.0,-0.9429028784015844,-0.7871633910244523,-0.16897145580384434,-0.10325759592330275,-0.17203885512118017,-0.36869593118013905,-0.35057820122164857,-0.47299891949362605,2.4918742117139105,-1.3351937167229868,-0.40810642951859794,-0.2324827217144038,-0.24074476450023988,-0.906769331994745,0.5063171007668662,-0.8563638279207479
1446,1.0,1.0,-0.9429028784015844,-0.21463121502479807,-0.5674873723850375,-0.10325759592330275,-0.0028895532230467464,-0.35911035188136237,-0.10692968284513729,-0.5045830007649742,-0.2317950005092834,-1.415395136960249,2.907139846972406,2.3188097398301286,-0.24074476450023988,-0.7129337758688925,0.11516098558373292,-0.8563638279207479
1447,1.0,1.0,-0.9429028784015844,-0.12893398349637528,-0.16897145580384434,-0.10325759592330275,-0.17203885512118017,-0.18022206139777627,-0.5106933020041109,1.0563466519746152,0.06976374177418929,0.8299373183193043,-0.5504937748208922,-0.2324827217144038,-0.24074476450023988,-0.906769331994745,-0.4430701583052744,-0.8563638279207479
1448,1.0,1.0,-1.0757466463559093,-0.19546229669622883,-0.16897145580384454,26.559264944325765,1.4478570183542896,-0.3455436801405572,-0.42662806948343435,-0.5045830007649742,-0.8385078186492524,-1.2797265180504542,-0.41823158598603005,-0.08410697664395807,0.20297031482236583,-0.906769331994744,6.865599214862991,-0.856363827920731
1449,0.0,1.0,-0.9429028784015844,1.5754490816136393,0.33694499259242333,-0.10325759592330275,-0.8811485916804221,1.4101396840544111,1.5923319260081583,-0.48303869764779117,-0.7751974625950755,-1.2732070503082837,-0.8058773585820656,0.09022412667448036,-0.24074476450023988,3.6177036933671425,0.16993687159721835,-0.8563638279207479
1450,0.0,1.0,-0.9429028784015844,-0.8902331779512463,-0.16897145580384434,-0.10325759592330275,-0.17203885512118017,-0.3944495408092755,-0.41651879583295437,-0.49982973388793395,1.281161447679428,-1.2876255112900177,-0.4184773632902414,-0.2324827217144038,-0.24074476450023988,-0.906769331994745,0.14258710400486044,-0.8563638279207479
1451,0.0,1.0,-1.020776811340327,-0.1762933783676596,-0.14387084613605386,21.76001088708093,1.4799383392181213,-0.4005593666645638,-0.4266280694834345,-0.5045830007649743,-0.9718300621258698,-1.2797265180504542,-0.41823158598603005,-0.15829484917918074,0.24311341608793108,-0.8753731144238216,3.5050549659391845,-0.8563638279207408
1452,0.0,1.0,-0.9429028784015844,-0.21463121502479807,1.3801575989744517,-0.10325759592330275,0.18024340838996286,-0.5171661294580208,-0.15574616361948698,-0.5045830007649742,-0.2317950005092834,-1.290699541114313,-0.38835715978339874,-1.2133173850955787,-0.24074476450023988,-0.5538775215985237,0.11516098558373292,-0.8563638279207479
1453,0.0,1.0,-0.9429028784015844,0.12137148156221679,-0.16897145580384434,-0.10325759592330275,-0.17203885512118017,-0.4025892890612696,-0.49731662560922874,-0.06633038983223329,-0.11991931679321195,-1.2542489300255137,-0.38012912151015066,-0.2324827217144038,-0.24074476450023988,-0.906769331994745,-0.3648939817989248,-0.8563638279207479
1454,0.0,1.0,-0.9429028784015844,0.5317315679614528,-0.16897145580384434,-0.10325759592330275,-0.17203885512118017,3.11650583886265,-0.04919029723317534,-0.4804667851348542,-1.1222059198748695,-1.3962043487294302,-0.5776486076860564,-0.2324827217144038,-0.24074476450023988,-0.906769331994745,5.92254412174195,-0.8563638279207479
1455,0.0,1.0,-0.9429028784015844,-0.21463121502479807,0.2778207480687159,-0.10325759592330275,-0.07173356034194302,-0.7368033500372905,-0.36837704776094965,-0.5045830007649742,-0.2317950005092834,0.5480906234264098,0.3180704968356415,-1.4654841903444358,-0.24074476450023988,1.0359144113295686,0.11516098558373292,-0.8563638279207479
1456,0.0,1.0,-0.9429028784015844,0.3748654980130698,-0.16897145580384434,-0.10325759592330275,-0.17203885512118017,-0.337472527119845,-0.4459513073306141,-0.3958653077783112,-0.6247768786114052,-1.239265702534559,-0.48931677521021466,-0.2324827217144038,-0.24074476450023988,-0.906769331994745,0.574835212828832,-0.8563638279207479
1457,1.0,1.0,-0.9429028784015844,-0.0311461101254658,4.279062597321547,-0.10325759592330275,-0.09277752314556177,-0.559746175665576,-0.2639915128586059,-0.6707114879052787,0.07746000744042421,-1.2766165703087853,-0.33681918419038903,-1.287788539249673,-0.24074476450023988,-0.8655190673294776,1.1724530813282887,-0.8563638279207479
1458,0.0,1.0,-0.9429028784015844,2.1002957229061883,-0.16897145580384434,-0.10325759592330275,-0.17203885512118017,2.152013118838496,0.9168144778966737,-0.4902178928821261,-1.2299254291756838,-1.381844933046355,-0.7001075118963632,-0.2324827217144038,-0.24074476450023988,-0.906769331994745,0.5118918436929082,-0.8563638279207479
1459,1.0,1.0,-0.9429028784015844,-0.21463121502479807,0.2081931187413331,-0.10325759592330275,0.9790406319309009,-0.39758083301703345,-0.4654694201588907,-0.5045830007649742,-0.2317950005092834,-1.2750765324246092,-0.30376513663040805,0.01615992541182859,-0.24074476450023988,-1.4856355124822516,0.11516098558373292,-0.8563638279207479
1460,0.0,1.0,-0.9429028784015844,5.718647636579613,-0.16897145580384434,-0.10325759592330275,-0.17203885512118017,-0.4920805045082344,-0.5890812132971331,-0.6822381000883049,-0.07885940290665852,-1.1162500160587865,2.995239655606805,-0.2324827217144038,-0.24074476450023988,-0.906769331994745,0.4529024117813437,-0.8563638279207479
1461,1.0,1.0,-0.9429028784015844,-0.13023039954078178,-0.16897145580384434,-0.10325759592330275,-0.17203885512118017,-0.2836881532751941,-0.46627886136621527,0.7201745866227908,-0.1307203744194297,0.850310942132644,-0.5015593669028514,-0.2324827217144038,-0.24074476450023988,-0.906769331994745,-0.5140944956130196,-0.8563638279207479
1462,1.0,1.0,-0.9429028784015844,-0.21463121502479807,1.6755602810348866,-0.10325759592330275,-0.05808265623186995,-0.8657258844526772,-0.14234736122689223,-0.5045830007649742,-0.2317950005092834,0.4505317706984718,0.5191013875892859,-2.191628451322597,-0.24074476450023988,0.9892261120450909,0.11516098558373292,-0.8563638279207479
1463,1.0,1.0,-0.9429028784015844,1.9439497254394724,-0.16897145580384434,-0.10325759592330275,-0.17203885512118017,2.6496393447441924,0.4859269580149244,-0.4919315655760605,-1.5058782708418263,-1.3857665078671293,-0.7582385406649036,-0.2324827217144038,-0.24074476450023988,-0.906769331994745,2.7376392724261662,-0.8563638279207479
1464,1.0,1.0,-0.9429028784015844,-0.21463121502479807,-0.026802959788493074,-0.10325759592330275,1.8431454323947365,2.9641488191696173,-0.6933936463461637,-0.5045830007649742,-0.2317950005092834,-0.9798312600860011,-0.36002881497039024,0.11588864609037003,-0.24074476450023988,-1.5751737559452772,0.11516098558373292,-0.8563638279207479
1465,0.0,1.0,-0.9429028784015844,0.712348041398933,-0.16897145580384434,-0.10325759592330275,-0.17203885512118017,-0.6077539312204263,-0.6568693477406657,-0.6903429504923981,-0.3534135568704443,-0.6452266240257392,2.3444221940258645,-0.2324827217144038,-0.24074476450023988,-0.906769331994745,1.8925274037279531,-0.8563638279207479
1466,1.0,1.0,-0.9429028784015844,-1.0657341500037771,-0.16897145580384434,-0.10325759592330275,-0.17203885512118017,-0.5542711582650788,2.9410578652708494,-0.4319529021817976,5.103862995916997,-1.3259033491118906,-0.18009826579159374,-0.2324827217144038,-0.24074476450023988,-0.906769331994745,0.18150549428918383,-0.8563638279207479
1467,1.0,1.0,-0.9429028784015844,-0.21463121502479807,0.49376845028947763,-0.10325759592330275,0.26266625639006924,-0.46984646437056593,-0.2541358495043681,-0.5045830007649742,-0.2317950005092834,-1.287007802804458,-0.39545425753929114,-1.068687887375799,-0.24074476450023988,-0.3706945267233145,0.11516098558373292,-0.8563638279207479
1468,1.0,1.0,-0.9429028784015844,-0.21463121502479807,0.2589413220682346,-0.10325759592330275,-0.6899100347324593,-0.3846754830405774,-0.44951211555988463,-0.5045830007649742,-0.2317950005092834,-1.1889867836796573,-0.4692802453675004,0.40451672587871423,-0.24074476450023988,-0.21016761037155135,0.11516098558373292,-0.8563638279207479
1469,0.0,1.0,-0.9429028784015844,-0.21463121502479807,0.9409060560818195,-0.10325759592330275,-0.6775057779228603,-0.3959526347632266,-0.4257480907885538,-0.5045830007649742,-0.2317950005092834,-1.2509257848847757,-0.4305775185907556,0.020390100631020744,-0.24074476450023988,-0.8090040025933029,0.11516098558373292,-0.8563638279207479
1470,1.0,1.0,-0.9429028784015844,2.5448113151412755,-0.16897145580384434,-0.10325759592330275,-0.17203885512118017,-0.4375272851491358,-0.4121342806065577,-0.6700710658199852,0.06250908328454326,-1.283643397664203,-0.39358861543500334,-0.2324827217144038,-0.24074476450023988,-0.906769331994745,0.17148515865129288,-0.8563638279207479
1471,1.0,1.0,-0.9429028784015844,-0.21463121502479807,-0.9370050329397699,-0.10325759592330275,0.273050764117136,-0.27513638530157397,0.08486318831543958,-0.5045830007649742,-0.2317950005092834,-1.465536984666032,2.754510067535067,2.656775916376724,-0.24074476450023988,-0.5788200020633756,0.11516098558373292,-0.8563638279207479
1472,1.0,1.0,-0.9429028784015844,-0.21463121502479807,1.3828012701993302,-0.10325759592330275,-1.1804669612729255,0.37598579415923505,2.5049378495140315,-0.5045830007649742,-0.2317950005092834,-1.2183146602201236,-0.756017032266927,-0.19616946076933559,-0.24074476450023988,-0.1803298690227878,0.11516098558373292,-0.8563638279207479
1473,1.0,1.0,-0.9429028784015844,-2.613187174957131,-0.16897145580384434,-0.10325759592330275,-0.17203885512118017,-0.35219739759804325,2.1758865219145194,-0.014629186954458768,2.9390149026106447,-1.6734038055655027,0.8298049563066514,-0.2324827217144038,-0.24074476450023988,-0.906769331994745,0.3608949230334064,-0.8563638279207479
1474,1.0,1.0,-0.9429028784015844,0.6566866571998378,-0.16897145580384434,-0.10325759592330275,-0.17203885512118017,-0.38330046723607814,-0.6220834663928837,0.1696308702800984,0.07689371330109465,-1.2412386569467073,-0.32353104559332657,-0.2324827217144038,-0.24074476450023988,-0.906769331994745,-0.4252172779606745,-0.8563638279207479
1475,1.0,1.0,-0.9429028784015844,-0.21463121502479807,-0.00858128442831276,-0.10325759592330275,-0.0430376291401061,-0.4146400383906016,-0.5272720223578031,-0.5045830007649742,-0.2317950005092834,-1.262507069422769,-0.23360058074601647,3.925177725227427,-0.24074476450023988,-1.4443939754127249,0.11516098558373292,-0.8563638279207479
1476,1.0,1.0,-0.9429028784015844,-0.21463121502479807,-0.3647153958400466,-0.10325759592330275,-0.06068821674517678,-0.37187141615729163,-0.4258784492605699,-0.5045830007649742,-0.2317950005092834,-1.2874170956343425,-0.4166647158372387,2.036814813271768,-0.24074476450023988,-0.8274199886075417,0.11516098558373292,-0.8563638279207479
1477,1.0,1.0,-0.9429028784015844,0.16830717157657557,-0.16897145580384434,-0.10325759592330275,-0.17203885512118017,-0.40885376896009434,-0.510021293851601,-0.3616787281309026,0.3596684372184166,-1.243737350105339,-0.3491699462066353,-0.2324827217144038,-0.24074476450023988,-0.906769331994745,-0.21905448465502272,-0.8563638279207479
